0001	{"energy": "452", "fat": "17.4", "saturedFat": "2.4", "carbohydrate": "62.8", "sugar": "17.5", "fibre": "6.2", "protein": "7.7", "salt": "0.22"}
0002	{"energy": "166", "fat": "3.6", "saturedFat": "1.3", "carbohydrate": "16", "sugar": "7.1", "fibre": "0.6", "protein": "13", "salt": "59"}
0003	{"energy": "511", "fat": "25", "saturedFat": "12", "carbohydrate": "63", "sugar": "35", "fibre": "2.3", "protein": "7.3", "salt": "0.32"}
0004	{"energy": "370", "fat": "2.0", "saturedFat": "0.3", "carbohydrate": "70", "sugar": "5.0", "fibre": "10", "protein": "13", "salt": "1.0"}
0005	{"energy": "338", "fat": "2.7", "saturedFat": "0.3", "carbohydrate": "63", "sugar": "1.0", "fibre": "9.0", "protein": "11", "salt": "0.01"}
0006	{"energy": "353", "fat": "1", "saturedFat": "0.5", "carbohydrate": "78", "sugar": "0.5", "fibre": "2", "protein": "7", "salt": "0.03"}
0007	{"energy": "225", "fat": "0.5", "saturedFat": "0.1", "carbohydrate": "20", "sugar": "8", "fibre": "1", "protein": "35", "salt": "8"}
0008	{"energy": "244", "fat": "4.8", "saturedFat": "0.6", "carbohydrate": "37", "sugar": "3.9", "fibre": "7.8", "protein": "9.3", "salt": "1.2"}
0009	{"energy": "521", "fat": "29", "saturedFat": "17", "carbohydrate": "56", "sugar": "53", "fibre": "7.4", "protein": "5.4", "salt": "0.01"}
0010	{"energy": "364", "fat": "5.3", "saturedFat": "1.8", "carbohydrate": "30", "sugar": "0", "fibre": "0", "protein": "49", "salt": "1.5"}
0011	{"energy": "258", "fat": "3.7", "saturedFat": "0.4", "carbohydrate": "47", "sugar": "5.5", "fibre": "2.7", "protein": "7.9", "salt": "1.2"}
0012	{"energy": "422", "fat": "16", "saturedFat": "2.5", "carbohydrate": "62", "sugar": "33", "fibre": "3.2", "protein": "6.9", "salt": "0.45"}
0013	{"energy": "282", "fat": "19", "saturedFat": "5.3", "carbohydrate": "0.7", "sugar": "0.7", "fibre": "0.5", "protein": "27", "salt": "4"}
0014	{"energy": "429", "fat": "18", "saturedFat": "11", "carbohydrate": "62", "sugar": "53", "fibre": "3.6", "protein": "3.3", "salt": "0.03"}
0015	{"energy": "396", "fat": "15", "saturedFat": "7", "carbohydrate": "58", "sugar": "26", "fibre": "3.9", "protein": "5.3", "salt": "0.73"}
0016	{"energy": "107", "fat": "4.5", "saturedFat": "3", "carbohydrate": "3.5", "sugar": "3.5", "fibre": "0", "protein": "13", "salt": "0.8"}
0017	{"energy": "32", "fat": "0.1", "saturedFat": "0.1", "carbohydrate": "6.0", "sugar": "4.0", "fibre": "0", "protein": "1.2", "salt": "1.7"}
0018	{"energy": "614", "fat": "46", "saturedFat": "19", "carbohydrate": "38", "sugar": "20", "fibre": "8.5", "protein": "7.8", "salt": "0"}
0019	{"energy": "526", "fat": "27", "saturedFat": "17", "carbohydrate": "63", "sugar": "29", "fibre": "1", "protein": "7", "salt": "0.3"}
0020	{"energy": "14", "fat": "1.2", "saturedFat": "1.1", "carbohydrate": "0", "sugar": "0", "fibre": "0", "protein": "0.1", "salt": "0.07"}
0021	{"energy": "300", "fat": "0", "saturedFat": "0", "carbohydrate": "75", "sugar": "74", "fibre": "-1", "protein": "0", "salt": "0"}
0022	{"energy": "296", "fat": "1.8", "saturedFat": "0.5", "carbohydrate": "52", "sugar": "2.1", "fibre": "14", "protein": "11", "salt": "0.01"}
0023	{"energy": "404", "fat": "18", "saturedFat": "9.1", "carbohydrate": "52", "sugar": "26", "fibre": "2.4", "protein": "7.3", "salt": "0.28"}
0024	{"energy": "516", "fat": "30", "saturedFat": "18", "carbohydrate": "50", "sugar": "47", "fibre": "8.9", "protein": "5.9", "salt": "0.01"}
0025	{"energy": "443", "fat": "16.4", "saturedFat": "2.5", "carbohydrate": "61.2", "sugar": "17.9", "fibre": "7.3", "protein": "9.1", "salt": "0.22"}
0026	{"energy": "167", "fat": "15", "saturedFat": "9.1", "carbohydrate": "4.2", "sugar": "4.2", "fibre": "0", "protein": "3.0", "salt": "0.1"}
0027	{"energy": "139", "fat": "3.3", "saturedFat": "1.5", "carbohydrate": "6.2", "sugar": "1.6", "fibre": "3.7", "protein": "16", "salt": "61.6"}
0028	{"energy": "393", "fat": "33", "saturedFat": "19", "carbohydrate": "0.1", "sugar": "0.1", "fibre": "0", "protein": "25", "salt": "1.7"}
0029	{"energy": "314", "fat": "0.7", "saturedFat": "0.1", "carbohydrate": "75", "sugar": "54", "fibre": "2.8", "protein": "0.5", "salt": "0.04"}
0030	{"energy": "738", "fat": "81.3", "saturedFat": "6.3", "carbohydrate": "0.3", "sugar": "0.2", "fibre": "0", "protein": "0.9", "salt": "1.2"}
0031	{"energy": "88", "fat": "0.6", "saturedFat": "0.1", "carbohydrate": "12", "sugar": "0.5", "fibre": "6.1", "protein": "5.5", "salt": "0.58"}
0032	{"energy": "389", "fat": "3.1", "saturedFat": "3.1", "carbohydrate": "87.6", "sugar": "85.4", "fibre": "0", "protein": "0.1", "salt": "2.1"}
0033	{"energy": "337", "fat": "5.9", "saturedFat": "0.01", "carbohydrate": "44", "sugar": "2.4", "fibre": "16", "protein": "19", "salt": "0.01"}
0034	{"energy": "337", "fat": "0", "saturedFat": "0", "carbohydrate": "78", "sugar": "59", "fibre": "0", "protein": "6.3", "salt": "0"}
0035	{"energy": "44", "fat": "0", "saturedFat": "0", "carbohydrate": "11", "sugar": "11", "fibre": "0", "protein": "0", "salt": "0"}
0036	{"energy": "511", "fat": "26", "saturedFat": "17", "carbohydrate": "62", "sugar": "37", "fibre": "0", "protein": "6", "salt": "0.53"}
0037	{"energy": "46", "fat": "1.5", "saturedFat": "0.9", "carbohydrate": "4.9", "sugar": "4.9", "fibre": "0", "protein": "3.2", "salt": "0.1"}
0038	{"energy": "402", "fat": "12", "saturedFat": "4.8", "carbohydrate": "69", "sugar": "42", "fibre": "1.5", "protein": "3.8", "salt": "0.22"}
0039	{"energy": "61", "fat": "0.16", "saturedFat": "0.08", "carbohydrate": "12.5", "sugar": "0.08", "fibre": "12.5", "protein": "0.8", "salt": "1.7"}
0040	{"energy": "430", "fat": "15", "saturedFat": "8.8", "carbohydrate": "67", "sugar": "64", "fibre": "-1", "protein": "5", "salt": "0.02"}
0041	{"energy": "424", "fat": "22", "saturedFat": "14", "carbohydrate": "46", "sugar": "6.8", "fibre": "3.5", "protein": "8.8", "salt": "1.5"}
0042	{"energy": "203", "fat": "20", "saturedFat": "2.9", "carbohydrate": "1.6", "sugar": "0.5", "fibre": "4.1", "protein": "2.2", "salt": "2.9"}
0043	{"energy": "128", "fat": "4.3", "saturedFat": "-1", "carbohydrate": "18", "sugar": "-1", "fibre": "-1", "protein": "2.9", "salt": "0.04"}
0044	{"energy": "409", "fat": "7.7", "saturedFat": "3.2", "carbohydrate": "73.9", "sugar": "25.0", "fibre": "5.8", "protein": "8.2", "salt": "0.49"}
0045	{"energy": "345", "fat": "0", "saturedFat": "0", "carbohydrate": "80", "sugar": "52", "fibre": "0", "protein": "4.8", "salt": "0.2"}
0046	{"energy": "590", "fat": "46", "saturedFat": "6", "carbohydrate": "16", "sugar": "5.5", "fibre": "7.3", "protein": "25", "salt": "1.6"}
0047	{"energy": "103", "fat": "9.6", "saturedFat": "1", "carbohydrate": "3", "sugar": "0.2", "fibre": "-1", "protein": "0.6", "salt": "1.6"}
0048	{"energy": "149", "fat": "11", "saturedFat": "6.1", "carbohydrate": "4.1", "sugar": "3.4", "fibre": "0", "protein": "8.5", "salt": "0.48"}
0049	{"energy": "83", "fat": "2.6", "saturedFat": "0.3", "carbohydrate": "15", "sugar": "1.2", "fibre": "1", "protein": "1", "salt": "0.2"}
0050	{"energy": "323", "fat": "2.3", "saturedFat": "0.3", "carbohydrate": "45", "sugar": "0.7", "fibre": "17", "protein": "22", "salt": "0.03"}
0051	{"energy": "312", "fat": "4.5", "saturedFat": "0.6", "carbohydrate": "59", "sugar": "44", "fibre": "5.4", "protein": "6.2", "salt": "18.1"}
0052	{"energy": "449", "fat": "18.3", "saturedFat": "10.8", "carbohydrate": "66.3", "sugar": "43.9", "fibre": "0", "protein": "4.1", "salt": "0.14"}
0053	{"energy": "242", "fat": "17", "saturedFat": "10", "carbohydrate": "2.6", "sugar": "0.2", "fibre": "0", "protein": "14", "salt": "1.5"}
0054	{"energy": "497", "fat": "24", "saturedFat": "14", "carbohydrate": "62", "sugar": "30", "fibre": "2.8", "protein": "6.8", "salt": "0.09"}
0055	{"energy": "166", "fat": "1.6", "saturedFat": "0.2", "carbohydrate": "26", "sugar": "4.2", "fibre": "0", "protein": "7.5", "salt": "1.39"}
0056	{"energy": "398", "fat": "16", "saturedFat": "9.7", "carbohydrate": "54", "sugar": "28", "fibre": "2.2", "protein": "7.3", "salt": "0.38"}
0057	{"energy": "450", "fat": "15", "saturedFat": "10", "carbohydrate": "64", "sugar": "5.3", "fibre": "3.7", "protein": "13", "salt": "2.1"}
0058	{"energy": "472", "fat": "24", "saturedFat": "6.0", "carbohydrate": "43", "sugar": "8.2", "fibre": "16", "protein": "13", "salt": "0.25"}
0059	{"energy": "521", "fat": "31", "saturedFat": "4.5", "carbohydrate": "48", "sugar": "43", "fibre": "-1", "protein": "10", "salt": "0.11"}
0060	{"energy": "529", "fat": "30", "saturedFat": "18.7", "carbohydrate": "58.2", "sugar": "16.5", "fibre": "2", "protein": "5.6", "salt": "0.68"}
0061	{"energy": "40", "fat": "0", "saturedFat": "0", "carbohydrate": "9.3", "sugar": "9.3", "fibre": "0", "protein": "0.7", "salt": "0"}
0062	{"energy": "197", "fat": "13", "saturedFat": "1.8", "carbohydrate": "0", "sugar": "0", "fibre": "0", "protein": "20", "salt": "0.1"}
0063	{"energy": "16", "fat": "0.5", "saturedFat": "0.1", "carbohydrate": "0.8", "sugar": "0.5", "fibre": "2.1", "protein": "1.5", "salt": "1.6"}
0064	{"energy": "571", "fat": "35.6", "saturedFat": "20.5", "carbohydrate": "56.8", "sugar": "55.4", "fibre": "0", "protein": "4.8", "salt": "0.142"}
0065	{"energy": "362", "fat": "1", "saturedFat": "0.2", "carbohydrate": "75.3", "sugar": "1.2", "fibre": "3.3", "protein": "11.3", "salt": "0.002"}
0066	{"energy": "283", "fat": "27", "saturedFat": "0", "carbohydrate": "3", "sugar": "0", "fibre": "0", "protein": "7", "salt": "1.4"}
0067	{"energy": "360", "fat": "1.5", "saturedFat": "0.3", "carbohydrate": "74", "sugar": "3.1", "fibre": "3.3", "protein": "11", "salt": "0.01"}
0068	{"energy": "559", "fat": "36", "saturedFat": "17.6", "carbohydrate": "50", "sugar": "47.5", "fibre": "2.7", "protein": "7.2", "salt": "0.17"}
0069	{"energy": "222", "fat": "1.3", "saturedFat": "0.2", "carbohydrate": "51", "sugar": "32", "fibre": "0.7", "protein": "1.2", "salt": "0.01"}
0070	{"energy": "466", "fat": "21", "saturedFat": "9.4", "carbohydrate": "56", "sugar": "36", "fibre": "4.7", "protein": "11", "salt": "0.34"}
0071	{"energy": "84", "fat": "2.9", "saturedFat": "1.8", "carbohydrate": "12", "sugar": "1.9", "fibre": "1.2", "protein": "2.4", "salt": "0.25"}
0072	{"energy": "48", "fat": "1.8", "saturedFat": "0.9", "carbohydrate": "6.3", "sugar": "1.4", "fibre": "0.5", "protein": "1.3", "salt": "1.5"}
0073	{"energy": "157", "fat": "12", "saturedFat": "7.1", "carbohydrate": "9.6", "sugar": "3.4", "fibre": "0.6", "protein": "3", "salt": "1.5"}
0074	{"energy": "227", "fat": "9.7", "saturedFat": "2.9", "carbohydrate": "23", "sugar": "3", "fibre": "2.2", "protein": "10", "salt": "0.98"}
0075	{"energy": "333", "fat": "30", "saturedFat": "21", "carbohydrate": "0.8", "sugar": "0.5", "fibre": "0", "protein": "15", "salt": "1.4"}
0076	{"energy": "335", "fat": "1.7", "saturedFat": "0.4", "carbohydrate": "50", "sugar": "1.2", "fibre": "7.6", "protein": "26", "salt": "0.01"}
0077	{"energy": "349", "fat": "1.7", "saturedFat": "0.5", "carbohydrate": "53", "sugar": "2.4", "fibre": "11", "protein": "25", "salt": "0.03"}
0078	{"energy": "410", "fat": "20", "saturedFat": "11", "carbohydrate": "49", "sugar": "15", "fibre": "3.2", "protein": "7.2", "salt": "0.75"}
0079	{"energy": "559", "fat": "34", "saturedFat": "20", "carbohydrate": "56", "sugar": "55", "fibre": "1.2", "protein": "6.6", "salt": "0.19"}
0080	{"energy": "329", "fat": "0.5", "saturedFat": "0.1", "carbohydrate": "81", "sugar": "52", "fibre": "1.3", "protein": "0.5", "salt": "0.17"}
0081	{"energy": "346", "fat": "0", "saturedFat": "0", "carbohydrate": "86", "sugar": "0", "fibre": "0", "protein": "0", "salt": "0"}
0082	{"energy": "45", "fat": "0.5", "saturedFat": "0", "carbohydrate": "11.3", "sugar": "11.3", "fibre": "-1", "protein": "0.5", "salt": "0"}
0083	{"energy": "355", "fat": "1", "saturedFat": "0.4", "carbohydrate": "78", "sugar": "0.4", "fibre": "2.4", "protein": "7.5", "salt": "0.03"}
0084	{"energy": "169", "fat": "15", "saturedFat": "9", "carbohydrate": "4", "sugar": "4", "fibre": "-1", "protein": "4.5", "salt": "0.1"}
0085	{"energy": "309", "fat": "24", "saturedFat": "18", "carbohydrate": "18", "sugar": "11", "fibre": "0", "protein": "5.2", "salt": "0.12"}
0086	{"energy": "273", "fat": "0.3", "saturedFat": "0.3", "carbohydrate": "62", "sugar": "51", "fibre": "7.8", "protein": "2", "salt": "0.03"}
0087	{"energy": "28", "fat": "0.2", "saturedFat": "0.1", "carbohydrate": "4", "sugar": "4", "fibre": "-1", "protein": "1.3", "salt": "0.5"}
0088	{"energy": "228", "fat": "1.9", "saturedFat": "0", "carbohydrate": "30", "sugar": "30", "fibre": "29", "protein": "8.1", "salt": "0"}
0089	{"energy": "444", "fat": "16", "saturedFat": "8", "carbohydrate": "62", "sugar": "3", "fibre": "4", "protein": "11", "salt": "1.8"}
0090	{"energy": "223", "fat": "3.5", "saturedFat": "1.8", "carbohydrate": "39", "sugar": "8", "fibre": "1.4", "protein": "8.1", "salt": "1.7"}
0091	{"energy": "430", "fat": "14", "saturedFat": "8.5", "carbohydrate": "62", "sugar": "22", "fibre": "8.2", "protein": "9.5", "salt": "0.17"}
0092	{"energy": "183", "fat": "18", "saturedFat": "16", "carbohydrate": "3.9", "sugar": "2.0", "fibre": "0", "protein": "1.2", "salt": "0.06"}
0093	{"energy": "60", "fat": "1.0", "saturedFat": "0.5", "carbohydrate": "10", "sugar": "9", "fibre": "0.5", "protein": "2.8", "salt": "0.1"}
0094	{"energy": "586", "fat": "40.1", "saturedFat": "18.1", "carbohydrate": "47.6", "sugar": "45.5", "fibre": "3.5", "protein": "6.8", "salt": "0.12"}
0095	{"energy": "396", "fat": "0.5", "saturedFat": "0", "carbohydrate": "94", "sugar": "94", "fibre": "0", "protein": "5", "salt": "0"}
0096	{"energy": "359", "fat": "1.5", "saturedFat": "0.5", "carbohydrate": "72", "sugar": "2.5", "fibre": "-1", "protein": "13", "salt": "0.005"}
0097	{"energy": "47", "fat": "1.8", "saturedFat": "0.3", "carbohydrate": "4.2", "sugar": "4.2", "fibre": "0", "protein": "3.3", "salt": "0.17"}
0098	{"energy": "402", "fat": "6.1", "saturedFat": "3.3", "carbohydrate": "75", "sugar": "17", "fibre": "6.8", "protein": "9", "salt": "0.56"}
0099	{"energy": "49", "fat": "0.5", "saturedFat": "0.1", "carbohydrate": "11.0", "sugar": "11", "fibre": "0", "protein": "0.5", "salt": "0"}
0100	{"energy": "415", "fat": "8.2", "saturedFat": "1.8", "carbohydrate": "75", "sugar": "3.3", "fibre": "3.4", "protein": "12", "salt": "2.9"}
0101	{"energy": "420", "fat": "12", "saturedFat": "3.9", "carbohydrate": "70", "sugar": "26", "fibre": "3.6", "protein": "6.2", "salt": "1"}
0102	{"energy": "430", "fat": "12", "saturedFat": "5.7", "carbohydrate": "68", "sugar": "21", "fibre": "3", "protein": "11", "salt": "0.96"}
0103	{"energy": "47", "fat": "0.2", "saturedFat": "0", "carbohydrate": "10", "sugar": "10", "fibre": "1.9", "protein": "0.3", "salt": "0"}
0104	{"energy": "61", "fat": "0", "saturedFat": "0", "carbohydrate": "9", "sugar": "1", "fibre": "4.6", "protein": "2.9", "salt": "0.77"}
0105	{"energy": "550", "fat": "36", "saturedFat": "16", "carbohydrate": "48", "sugar": "45", "fibre": "4.6", "protein": "7.6", "salt": "0.17"}
0106	{"energy": "44", "fat": "0", "saturedFat": "0", "carbohydrate": "10", "sugar": "10", "fibre": "0", "protein": "0", "salt": "0"}
0107	{"energy": "439", "fat": "17", "saturedFat": "5.7", "carbohydrate": "60", "sugar": "20", "fibre": "3.1", "protein": "8.7", "salt": "0.51"}
0108	{"energy": "377", "fat": "2.8", "saturedFat": "1.1", "carbohydrate": "75.2", "sugar": "22.4", "fibre": "8.6", "protein": "8.5", "salt": "0.22"}
0109	{"energy": "38", "fat": "0", "saturedFat": "0", "carbohydrate": "8.6", "sugar": "8.6", "fibre": "0", "protein": "0.9", "salt": "0"}
0110	{"energy": "341", "fat": "20", "saturedFat": "9.4", "carbohydrate": "34", "sugar": "25", "fibre": "-1", "protein": "5.9", "salt": "0.24"}
0111	{"energy": "48", "fat": "0.2", "saturedFat": "0", "carbohydrate": "0.7", "sugar": "0.7", "fibre": "0", "protein": "10.9", "salt": "0.42"}
0112	{"energy": "342", "fat": "0", "saturedFat": "0", "carbohydrate": "75", "sugar": "0", "fibre": "1", "protein": "10", "salt": "0"}
0113	{"energy": "370", "fat": "14", "saturedFat": "6.1", "carbohydrate": "54", "sugar": "15", "fibre": "4", "protein": "7.6", "salt": "1"}
0114	{"energy": "416", "fat": "17", "saturedFat": "13", "carbohydrate": "61", "sugar": "42", "fibre": "3.5", "protein": "4.3", "salt": "0.27"}
0115	{"energy": "544", "fat": "34", "saturedFat": "2", "carbohydrate": "51", "sugar": "5.1", "fibre": "5.3", "protein": "5.5", "salt": "1.2"}
0116	{"energy": "220", "fat": "1.5", "saturedFat": "0.3", "carbohydrate": "42", "sugar": "1.7", "fibre": "5.2", "protein": "7.1", "salt": "1"}
0117	{"energy": "592.0", "fat": "41.7", "saturedFat": "17.2", "carbohydrate": "42.6", "sugar": "40.1", "fibre": "2.9", "protein": "10", "salt": "0.23"}
0118	{"energy": "324", "fat": "8", "saturedFat": "5.4", "carbohydrate": "56", "sugar": "56", "fibre": "0", "protein": "6.9", "salt": "0.23"}
0119	{"energy": "146", "fat": "2.8", "saturedFat": "0.3", "carbohydrate": "22", "sugar": "5.7", "fibre": "0", "protein": "7.7", "salt": "1.2"}
0120	{"energy": "14", "fat": "0", "saturedFat": "0", "carbohydrate": "3.4", "sugar": "2.4", "fibre": "0", "protein": "0", "salt": "0.07"}
0121	{"energy": "308", "fat": "23", "saturedFat": "9", "carbohydrate": "0.5", "sugar": "0.5", "fibre": "0.5", "protein": "25", "salt": "3.6"}
0122	{"energy": "475", "fat": "22", "saturedFat": "13", "carbohydrate": "57", "sugar": "56", "fibre": "1.2", "protein": "4.4", "salt": "0.21"}
0123	{"energy": "497", "fat": "24", "saturedFat": "3", "carbohydrate": "60", "sugar": "0.8", "fibre": "5.5", "protein": "7.6", "salt": "1.5"}
0124	{"energy": "610", "fat": "44", "saturedFat": "12", "carbohydrate": "40", "sugar": "35", "fibre": "-1", "protein": "9", "salt": "0.1"}
0125	{"energy": "76", "fat": "4", "saturedFat": "2.4", "carbohydrate": "4.6", "sugar": "4.6", "fibre": "-1", "protein": "4.7", "salt": "0.12"}
0126	{"energy": "373", "fat": "5", "saturedFat": "4", "carbohydrate": "78", "sugar": "67", "fibre": "0", "protein": "4", "salt": "0.1"}
0127	{"energy": "599", "fat": "52", "saturedFat": "5.6", "carbohydrate": "7", "sugar": "2.5", "fibre": "9", "protein": "21", "salt": "0.03"}
0128	{"energy": "520", "fat": "27", "saturedFat": "23", "carbohydrate": "62", "sugar": "39", "fibre": "0", "protein": "4.6", "salt": "0.23"}
0129	{"energy": "13", "fat": "0.5", "saturedFat": "0", "carbohydrate": "3.4", "sugar": "3.4", "fibre": "0", "protein": "0.5", "salt": "0"}
0130	{"energy": "355", "fat": "1.7", "saturedFat": "0.9", "carbohydrate": "72", "sugar": "3.9", "fibre": "-1", "protein": "13", "salt": "0.004"}
0131	{"energy": "434", "fat": "24", "saturedFat": "11", "carbohydrate": "48", "sugar": "24", "fibre": "2.6", "protein": "5.3", "salt": "0.29"}
0132	{"energy": "362", "fat": "1.6", "saturedFat": "0.3", "carbohydrate": "80", "sugar": "0.5", "fibre": "1.6", "protein": "6.1", "salt": "0.01"}
0133	{"energy": "191", "fat": "5.4", "saturedFat": "0.9", "carbohydrate": "22", "sugar": "10", "fibre": "0", "protein": "12", "salt": "11.3"}
0134	{"energy": "550", "fat": "33", "saturedFat": "20", "carbohydrate": "56", "sugar": "56", "fibre": "0.8", "protein": "6.8", "salt": "0.21"}
0135	{"energy": "345", "fat": "1.2", "saturedFat": "0.3", "carbohydrate": "74", "sugar": "0.7", "fibre": "1.8", "protein": "8.6", "salt": "2"}
0136	{"energy": "5", "fat": "0.5", "saturedFat": "0.3", "carbohydrate": "0.5", "sugar": "0.5", "fibre": "0.5", "protein": "0.5", "salt": "0.88"}
0137	{"energy": "541", "fat": "31", "saturedFat": "18", "carbohydrate": "58", "sugar": "57", "fibre": "2.5", "protein": "6.3", "salt": "0.17"}
0138	{"energy": "299", "fat": "14", "saturedFat": "9.3", "carbohydrate": "41", "sugar": "22", "fibre": "1", "protein": "1.7", "salt": "0.07"}
0139	{"energy": "205", "fat": "8.2", "saturedFat": "6.6", "carbohydrate": "27", "sugar": "20", "fibre": "0", "protein": "5.9", "salt": "0.15"}
0140	{"energy": "324", "fat": "0", "saturedFat": "0", "carbohydrate": "81", "sugar": "75", "fibre": "0", "protein": "0", "salt": "0"}
0141	{"energy": "29", "fat": "0.6", "saturedFat": "0.3", "carbohydrate": "4.3", "sugar": "0.7", "fibre": "0.5", "protein": "1.3", "salt": "0.91"}
0142	{"energy": "900", "fat": "100", "saturedFat": "90", "carbohydrate": "0", "sugar": "0", "fibre": "-1", "protein": "0", "salt": "0"}
0143	{"energy": "448", "fat": "12", "saturedFat": "2.1", "carbohydrate": "73", "sugar": "1.4", "fibre": "3.9", "protein": "10", "salt": "2.3"}
0144	{"energy": "28", "fat": "0.6", "saturedFat": "0.2", "carbohydrate": "3.5", "sugar": "0.5", "fibre": "0.7", "protein": "1.7", "salt": "0.81"}
0145	{"energy": "23", "fat": "0", "saturedFat": "0", "carbohydrate": "5.8", "sugar": "5.8", "fibre": "0", "protein": "0", "salt": "0"}
0146	{"energy": "336", "fat": "2.1", "saturedFat": "0", "carbohydrate": "73", "sugar": "45", "fibre": "5.2", "protein": "3.7", "salt": "0.01"}
0147	{"energy": "274", "fat": "18", "saturedFat": "7", "carbohydrate": "0", "sugar": "0", "fibre": "0", "protein": "28", "salt": "4.9"}
0148	{"energy": "354", "fat": "19.6", "saturedFat": "9.1", "carbohydrate": "36.8", "sugar": "1.0", "fibre": "4.0", "protein": "2.5", "salt": "0.98"}
0149	{"energy": "566", "fat": "37.3", "saturedFat": "16.6", "carbohydrate": "48.4", "sugar": "45.3", "fibre": "3.9", "protein": "7.2", "salt": "0.12"}
0150	{"energy": "50", "fat": "0", "saturedFat": "0", "carbohydrate": "12", "sugar": "11", "fibre": "0.8", "protein": "0", "salt": "0"}
0151	{"energy": "246", "fat": "3.4", "saturedFat": "0.4", "carbohydrate": "48", "sugar": "3.8", "fibre": "6.6", "protein": "2.9", "salt": "1.1"}
0152	{"energy": "269", "fat": "25", "saturedFat": "19", "carbohydrate": "8", "sugar": "8", "fibre": "0", "protein": "2.9", "salt": "0.11"}
0153	{"energy": "124", "fat": "5.3", "saturedFat": "0.8", "carbohydrate": "0.2", "sugar": "0.2", "fibre": "7.8", "protein": "15.1", "salt": "3"}
0154	{"energy": "461", "fat": "21", "saturedFat": "2.4", "carbohydrate": "52", "sugar": "11", "fibre": "7.9", "protein": "12", "salt": "0.31"}
0155	{"energy": "44", "fat": "1", "saturedFat": "0.1", "carbohydrate": "7.1", "sugar": "4.7", "fibre": "-1", "protein": "1", "salt": "1"}
0156	{"energy": "418", "fat": "20", "saturedFat": "9.4", "carbohydrate": "52", "sugar": "29", "fibre": "1.9", "protein": "6.3", "salt": "0.49"}
0157	{"energy": "150", "fat": "12", "saturedFat": "8.4", "carbohydrate": "3", "sugar": "3", "fibre": "0", "protein": "7.5", "salt": "0.35"}
0158	{"energy": "498", "fat": "23", "saturedFat": "11", "carbohydrate": "64", "sugar": "26", "fibre": "3.3", "protein": "7.2", "salt": "0.4"}
0159	{"energy": "623", "fat": "47", "saturedFat": "35", "carbohydrate": "44", "sugar": "43", "fibre": "0", "protein": "4.7", "salt": "0.18"}
0160	{"energy": "42", "fat": "0.1", "saturedFat": "0", "carbohydrate": "9.4", "sugar": "9.4", "fibre": "0.5", "protein": "0.6", "salt": "0"}
0161	{"energy": "357", "fat": "6.9", "saturedFat": "1.5", "carbohydrate": "68", "sugar": "39", "fibre": "1.7", "protein": "4.8", "salt": "0.15"}
0162	{"energy": "351", "fat": "28", "saturedFat": "20", "carbohydrate": "0.8", "sugar": "0", "fibre": "0", "protein": "24", "salt": "2"}
0163	{"energy": "227", "fat": "15", "saturedFat": "3.5", "carbohydrate": "0", "sugar": "0", "fibre": "-1", "protein": "23", "salt": "1.2"}
0164	{"energy": "326", "fat": "2.1", "saturedFat": "0.6", "carbohydrate": "70", "sugar": "36", "fibre": "1.3", "protein": "6.1", "salt": "0"}
0165	{"energy": "49", "fat": "0.5", "saturedFat": "0.1", "carbohydrate": "9", "sugar": "2.7", "fibre": "2", "protein": "1", "salt": "2.6"}
0166	{"energy": "499", "fat": "33", "saturedFat": "8.6", "carbohydrate": "39.1", "sugar": "36.8", "fibre": "0", "protein": "9.4", "salt": "0"}
0167	{"energy": "23", "fat": "0.6", "saturedFat": "0.4", "carbohydrate": "3.4", "sugar": "0.5", "fibre": "-1", "protein": "0.8", "salt": "1"}
0168	{"energy": "397", "fat": "12", "saturedFat": "4.5", "carbohydrate": "68", "sugar": "45", "fibre": "1.1", "protein": "3.6", "salt": "0.3"}
0169	{"energy": "211", "fat": "14", "saturedFat": "2.4", "carbohydrate": "13", "sugar": "3.4", "fibre": "0.7", "protein": "8", "salt": "1.7"}
0170	{"energy": "340", "fat": "3.8", "saturedFat": "0.6", "carbohydrate": "52", "sugar": "5.5", "fibre": "11", "protein": "18", "salt": "3.8"}
0171	{"energy": "326", "fat": "0.5", "saturedFat": "0.0", "carbohydrate": "78", "sugar": "62", "fibre": "1.9", "protein": "0.7", "salt": "0.2"}
0172	{"energy": "405", "fat": "10.5", "saturedFat": "1.4", "carbohydrate": "67.9", "sugar": "3", "fibre": "9", "protein": "5.2", "salt": "1.35"}
0173	{"energy": "75", "fat": "4.9", "saturedFat": "4.1", "carbohydrate": "7", "sugar": "0.3", "fibre": "-1", "protein": "0.6", "salt": "0.09"}
0174	{"energy": "645", "fat": "50", "saturedFat": "9.4", "carbohydrate": "22", "sugar": "6.3", "fibre": "0", "protein": "22", "salt": "0.7"}
0175	{"energy": "59", "fat": "5.7", "saturedFat": "3.8", "carbohydrate": "3", "sugar": "3", "fibre": "0", "protein": "6.5", "salt": "1.3"}
0176	{"energy": "552", "fat": "36", "saturedFat": "2", "carbohydrate": "48", "sugar": "0.8", "fibre": "6", "protein": "6", "salt": "1.2"}
0177	{"energy": "398", "fat": "8", "saturedFat": "1", "carbohydrate": "73", "sugar": "2", "fibre": "7", "protein": "5", "salt": "1.1"}
0178	{"energy": "578", "fat": "39", "saturedFat": "17", "carbohydrate": "48", "sugar": "36", "fibre": "4.4", "protein": "6.6", "salt": "0.05"}
0179	{"energy": "621", "fat": "48", "saturedFat": "33", "carbohydrate": "40", "sugar": "35", "fibre": "6.3", "protein": "4.1", "salt": "0"}
0180	{"energy": "393", "fat": "2.3", "saturedFat": "1", "carbohydrate": "83", "sugar": "15", "fibre": "3.9", "protein": "7.7", "salt": "0.06"}
0181	{"energy": "48", "fat": "0", "saturedFat": "0", "carbohydrate": "12", "sugar": "12", "fibre": "0", "protein": "0", "salt": "0"}
0182	{"energy": "68", "fat": "3.9", "saturedFat": "2.3", "carbohydrate": "4.9", "sugar": "4.9", "fibre": "0", "protein": "3.2", "salt": "0.1"}
0183	{"energy": "288", "fat": "16", "saturedFat": "1.6", "carbohydrate": "27", "sugar": "5.1", "fibre": "1.3", "protein": "8.4", "salt": "1.2"}
0184	{"energy": "414", "fat": "11", "saturedFat": "1.1", "carbohydrate": "63", "sugar": "6.9", "fibre": "9.6", "protein": "11", "salt": "1.7"}
0185	{"energy": "487", "fat": "29", "saturedFat": "6.8", "carbohydrate": "43", "sugar": "42", "fibre": "-1", "protein": "9.7", "salt": "0.01"}
0186	{"energy": "509", "fat": "27", "saturedFat": "2.3", "carbohydrate": "59", "sugar": "1.0", "fibre": "3.6", "protein": "5.4", "salt": "0.05"}
0187	{"energy": "106", "fat": "4.8", "saturedFat": "0.4", "carbohydrate": "13", "sugar": "0.2", "fibre": "2", "protein": "1.8", "salt": "0.95"}
0188	{"energy": "286", "fat": "6.3", "saturedFat": "0.5", "carbohydrate": "51", "sugar": "1.7", "fibre": "5.4", "protein": "3.6", "salt": "1.1"}
0189	{"energy": "157", "fat": "0.5", "saturedFat": "0.1", "carbohydrate": "34", "sugar": "0.5", "fibre": "0.8", "protein": "3.3", "salt": "0.01"}
0190	{"energy": "364", "fat": "18", "saturedFat": "11", "carbohydrate": "45", "sugar": "35", "fibre": "1", "protein": "5", "salt": "0.5"}
0191	{"energy": "16", "fat": "0", "saturedFat": "0", "carbohydrate": "0.8", "sugar": "0", "fibre": "1.9", "protein": "2.2", "salt": "1.1"}
0192	{"energy": "273", "fat": "25", "saturedFat": "10", "carbohydrate": "0", "sugar": "0", "fibre": "0", "protein": "12", "salt": "1.9"}
0193	{"energy": "617", "fat": "47", "saturedFat": "35", "carbohydrate": "43", "sugar": "43", "fibre": "0", "protein": "4.6", "salt": "0.15"}
0194	{"energy": "366", "fat": "4.2", "saturedFat": "1.2", "carbohydrate": "65", "sugar": "0.5", "fibre": "4.2", "protein": "15", "salt": "0.98"}
0195	{"energy": "471", "fat": "19", "saturedFat": "9", "carbohydrate": "70", "sugar": "33", "fibre": "1.5", "protein": "5.4", "salt": "1.19"}
0196	{"energy": "159", "fat": "0", "saturedFat": "0", "carbohydrate": "34", "sugar": "32", "fibre": "-1", "protein": "1.3", "salt": "0.04"}
0197	{"energy": "348", "fat": "9.5", "saturedFat": "5.5", "carbohydrate": "58", "sugar": "37", "fibre": "3", "protein": "6.2", "salt": "0.4"}
0198	{"energy": "529", "fat": "32", "saturedFat": "17", "carbohydrate": "52", "sugar": "50", "fibre": "0", "protein": "6.8", "salt": "0.16"}
0199	{"energy": "296", "fat": "5.6", "saturedFat": "0.6", "carbohydrate": "50", "sugar": "2.3", "fibre": "3.2", "protein": "9.8", "salt": "0.7"}
0200	{"energy": "528", "fat": "28", "saturedFat": "17", "carbohydrate": "61", "sugar": "60", "fibre": "2.4", "protein": "5.6", "salt": "0.12"}
0201	{"energy": "30", "fat": "0.1", "saturedFat": "0", "carbohydrate": "4.8", "sugar": "4.8", "fibre": "1.5", "protein": "1.8", "salt": "0.45"}
0202	{"energy": "381", "fat": "1.8", "saturedFat": "0.5", "carbohydrate": "83", "sugar": "6.5", "fibre": "4.3", "protein": "6.7", "salt": "0.39"}
0203	{"energy": "440", "fat": "15", "saturedFat": "6.2", "carbohydrate": "69", "sugar": "38", "fibre": "2.2", "protein": "6.2", "salt": "0.48"}
0204	{"energy": "330", "fat": "0.2", "saturedFat": "0.1", "carbohydrate": "74.1", "sugar": "0", "fibre": "-1", "protein": "6.6", "salt": "3.1"}
0205	{"energy": "396", "fat": "7.6", "saturedFat": "1", "carbohydrate": "65", "sugar": "4.2", "fibre": "9.8", "protein": "12", "salt": "2.3"}
0206	{"energy": "32", "fat": "0.1", "saturedFat": "0.0", "carbohydrate": "6.4", "sugar": "5.9", "fibre": "1.2", "protein": "0.7", "salt": "0.1"}
0207	{"energy": "375", "fat": "0.6", "saturedFat": "0.1", "carbohydrate": "87", "sugar": "37", "fibre": "2", "protein": "4.5", "salt": "0.83"}
0208	{"energy": "18", "fat": "0.5", "saturedFat": "0.1", "carbohydrate": "2", "sugar": "1.9", "fibre": "1.6", "protein": "0.5", "salt": "1.7"}
0209	{"energy": "90", "fat": "2.7", "saturedFat": "-1", "carbohydrate": "5", "sugar": "-1", "fibre": "-1", "protein": "11", "salt": "2"}
0210	{"energy": "187", "fat": "4.2", "saturedFat": "0.8", "carbohydrate": "31", "sugar": "2.5", "fibre": "0.7", "protein": "5.1", "salt": "1.1"}
0211	{"energy": "323", "fat": "25", "saturedFat": "17", "carbohydrate": "2.4", "sugar": "1", "fibre": "-1", "protein": "22", "salt": "1.2"}
0212	{"energy": "234", "fat": "24", "saturedFat": "8", "carbohydrate": "4.1", "sugar": "1.9", "fibre": "0.5", "protein": "1", "salt": "1.2"}
0213	{"energy": "422", "fat": "10", "saturedFat": "6.2", "carbohydrate": "81", "sugar": "64", "fibre": "0", "protein": "2.3", "salt": "0.25"}
0214	{"energy": "509", "fat": "33", "saturedFat": "17", "carbohydrate": "46", "sugar": "34", "fibre": "3", "protein": "5.5", "salt": "0.13"}
0215	{"energy": "419", "fat": "15", "saturedFat": "9", "carbohydrate": "59", "sugar": "57", "fibre": "-1", "protein": "3", "salt": "0.04"}
0216	{"energy": "378", "fat": "0.9", "saturedFat": "0.2", "carbohydrate": "84", "sugar": "8", "fibre": "3", "protein": "7", "salt": "1.1"}
0217	{"energy": "398", "fat": "32", "saturedFat": "0", "carbohydrate": "0.5", "sugar": "0", "fibre": "0", "protein": "27", "salt": "0"}
0218	{"energy": "57", "fat": "2.1", "saturedFat": "0.3", "carbohydrate": "8.5", "sugar": "5.7", "fibre": "0", "protein": "0.6", "salt": "0.07"}
0219	{"energy": "389", "fat": "7", "saturedFat": "1.5", "carbohydrate": "64", "sugar": "0", "fibre": "0", "protein": "15", "salt": "0"}
0220	{"energy": "388", "fat": "0.3", "saturedFat": "0.3", "carbohydrate": "95", "sugar": "78", "fibre": "0", "protein": "0", "salt": "0.14"}
0221	{"energy": "540", "fat": "37", "saturedFat": "17", "carbohydrate": "42", "sugar": "1.1", "fibre": "2.3", "protein": "8.6", "salt": "1.6"}
0222	{"energy": "387", "fat": "23", "saturedFat": "10", "carbohydrate": "39", "sugar": "0.5", "fibre": "1.1", "protein": "5.5", "salt": "0.78"}
0223	{"energy": "450", "fat": "25", "saturedFat": "22", "carbohydrate": "49", "sugar": "43", "fibre": "6.4", "protein": "5.6", "salt": "0.26"}
0224	{"energy": "494", "fat": "23.3", "saturedFat": "11.5", "carbohydrate": "61.4", "sugar": "32.2", "fibre": "5.2", "protein": "7", "salt": "0.75"}
0225	{"energy": "547", "fat": "32.4", "saturedFat": "5.5", "carbohydrate": "59.4", "sugar": "50.1", "fibre": "1.6", "protein": "3.7", "salt": "0.2"}
0226	{"energy": "453", "fat": "23", "saturedFat": "14", "carbohydrate": "57", "sugar": "27", "fibre": "1.1", "protein": "5.8", "salt": "0.34"}
0227	{"energy": "43", "fat": "0.5", "saturedFat": "0.1", "carbohydrate": "8.9", "sugar": "8.9", "fibre": "0", "protein": "0.7", "salt": "0"}
0228	{"energy": "31", "fat": "0.4", "saturedFat": "0", "carbohydrate": "5", "sugar": "2", "fibre": "-1", "protein": "2", "salt": "1"}
0229	{"energy": "450", "fat": "27", "saturedFat": "17", "carbohydrate": "45", "sugar": "15", "fibre": "2.8", "protein": "6.4", "salt": "0.9"}
0230	{"energy": "362", "fat": "2", "saturedFat": "0.6", "carbohydrate": "69", "sugar": "4.2", "fibre": "10", "protein": "12", "salt": "0.28"}
0231	{"energy": "330", "fat": "1.5", "saturedFat": "0.4", "carbohydrate": "60", "sugar": "1.5", "fibre": "20", "protein": "9", "salt": "1.2"}
0232	{"energy": "351", "fat": "31", "saturedFat": "22", "carbohydrate": "1", "sugar": "0.5", "fibre": "-1", "protein": "17", "salt": "1.4"}
0233	{"energy": "180", "fat": "16", "saturedFat": "3.7", "carbohydrate": "2.7", "sugar": "0.7", "fibre": "-1", "protein": "6.1", "salt": "0.88"}
0234	{"energy": "45", "fat": "0.5", "saturedFat": "0", "carbohydrate": "11.3", "sugar": "11.3", "fibre": "0", "protein": "0.5", "salt": "0"}
0235	{"energy": "370", "fat": "6.7", "saturedFat": "1.1", "carbohydrate": "60", "sugar": "0.8", "fibre": "9.7", "protein": "13", "salt": "0.01"}
0236	{"energy": "213", "fat": "4.2", "saturedFat": "0.4", "carbohydrate": "33", "sugar": "0.9", "fibre": "9.2", "protein": "6.3", "salt": "1.2"}
0237	{"energy": "585", "fat": "40", "saturedFat": "18.4", "carbohydrate": "47.8", "sugar": "45.7", "fibre": "3.4", "protein": "6.8", "salt": "0.13"}
0238	{"energy": "252", "fat": "20", "saturedFat": "12", "carbohydrate": "0.5", "sugar": "0.5", "fibre": "0", "protein": "18", "salt": "2.6"}
0239	{"energy": "239", "fat": "16.9", "saturedFat": "5.45", "carbohydrate": "3.2", "sugar": "0", "fibre": "0", "protein": "18.4", "salt": "1.24"}
0240	{"energy": "403", "fat": "19", "saturedFat": "1.8", "carbohydrate": "53", "sugar": "32", "fibre": "0.9", "protein": "4.1", "salt": "0.55"}
0241	{"energy": "104", "fat": "2.6", "saturedFat": "1.5", "carbohydrate": "15.8", "sugar": "1.1", "fibre": "0.9", "protein": "4", "salt": "0.74"}
0242	{"energy": "2330", "fat": "37", "saturedFat": "19", "carbohydrate": "49", "sugar": "45", "fibre": "4.6", "protein": "7.2", "salt": "0.21"}
0243	{"energy": "407", "fat": "18", "saturedFat": "11", "carbohydrate": "52", "sugar": "29", "fibre": "2.4", "protein": "6.9", "salt": "0.32"}
0244	{"energy": "320", "fat": "24", "saturedFat": "14", "carbohydrate": "3.1", "sugar": "2.7", "fibre": "0", "protein": "23", "salt": "1.8"}
0245	{"energy": "430", "fat": "12", "saturedFat": "5.7", "carbohydrate": "68", "sugar": "21", "fibre": "3", "protein": "11", "salt": "0.96"}
0246	{"energy": "265", "fat": "18", "saturedFat": "11", "carbohydrate": "4.5", "sugar": "0.5", "fibre": "0", "protein": "16", "salt": "1.6"}
0247	{"energy": "549", "fat": "33", "saturedFat": "13", "carbohydrate": "55", "sugar": "45", "fibre": "2.4", "protein": "6.8", "salt": "0.18"}
0248	{"energy": "374", "fat": "5", "saturedFat": "0.5", "carbohydrate": "75", "sugar": "43", "fibre": "3.5", "protein": "7", "salt": "0.1"}
0249	{"energy": "569", "fat": "36", "saturedFat": "6.9", "carbohydrate": "56", "sugar": "55", "fibre": "-1", "protein": "3.2", "salt": "0.05"}
0250	{"energy": "197", "fat": "1", "saturedFat": "0.5", "carbohydrate": "9.5", "sugar": "1", "fibre": "65.5", "protein": "7.2", "salt": "0.1"}
0251	{"energy": "359", "fat": "2", "saturedFat": "0.4", "carbohydrate": "69.7", "sugar": "3.5", "fibre": "3", "protein": "14", "salt": "0.013"}
0252	{"energy": "46", "fat": "1.5", "saturedFat": "0.9", "carbohydrate": "4.9", "sugar": "4.9", "fibre": "0", "protein": "3.2", "salt": "0.1"}
0253	{"energy": "334", "fat": "1.5", "saturedFat": "0.4", "carbohydrate": "62", "sugar": "1", "fibre": "19", "protein": "9", "salt": "1"}
0254	{"energy": "401", "fat": "11", "saturedFat": "1.6", "carbohydrate": "56", "sugar": "9.3", "fibre": "8.3", "protein": "15", "salt": "0.1"}
0255	{"energy": "242", "fat": "2", "saturedFat": "0.5", "carbohydrate": "46", "sugar": "1.6", "fibre": "3.8", "protein": "8.1", "salt": "1.5"}
0256	{"energy": "822", "fat": "91.4", "saturedFat": "9.2", "carbohydrate": "0", "sugar": "0", "fibre": "0", "protein": "0", "salt": "0"}
0257	{"energy": "145", "fat": "13.9", "saturedFat": "2", "carbohydrate": "1.3", "sugar": "0.1", "fibre": "5.1", "protein": "1", "salt": "4.2"}
0258	{"energy": "598", "fat": "46", "saturedFat": "6.5", "carbohydrate": "19", "sugar": "4.4", "fibre": "7.6", "protein": "23", "salt": "1.1"}
0259	{"energy": "557", "fat": "34", "saturedFat": "25", "carbohydrate": "55", "sugar": "44", "fibre": "2.4", "protein": "6.5", "salt": "0.19"}
0260	{"energy": "362", "fat": "2.9", "saturedFat": "0.7", "carbohydrate": "69", "sugar": "1.1", "fibre": "5.9", "protein": "12", "salt": "1.3"}
0261	{"energy": "152", "fat": "2.3", "saturedFat": "0.3", "carbohydrate": "27", "sugar": "0.5", "fibre": "5.6", "protein": "6.1", "salt": "0.01"}
0262	{"energy": "288", "fat": "4.5", "saturedFat": "1.5", "carbohydrate": "53", "sugar": "2.4", "fibre": "2.6", "protein": "7.6", "salt": "1.4"}
0263	{"energy": "298", "fat": "1.2", "saturedFat": "0.3", "carbohydrate": "65", "sugar": "38", "fibre": "7.5", "protein": "3.1", "salt": "0.57"}
0264	{"energy": "346", "fat": "5", "saturedFat": "0.5", "carbohydrate": "59", "sugar": "0", "fibre": "8.6", "protein": "12", "salt": "0.02"}
0265	{"energy": "64", "fat": "1.6", "saturedFat": "0.9", "carbohydrate": "9.0", "sugar": "9.0", "fibre": "0", "protein": "3.4", "salt": "0.1"}
0266	{"energy": "205", "fat": "20", "saturedFat": "3.3", "carbohydrate": "4.2", "sugar": "3.3", "fibre": "1.8", "protein": "1.2", "salt": "2.2"}
0267	{"energy": "533", "fat": "27", "saturedFat": "16", "carbohydrate": "65", "sugar": "29", "fibre": "-1", "protein": "5.9", "salt": "0.7"}
0268	{"energy": "67", "fat": "3.7", "saturedFat": "0.4", "carbohydrate": "6.2", "sugar": "5.2", "fibre": "1.8", "protein": "1.4", "salt": "0.96"}
0269	{"energy": "44", "fat": "0.5", "saturedFat": "0.1", "carbohydrate": "11", "sugar": "9.6", "fibre": "0", "protein": "0.5", "salt": "0.01"}
0270	{"energy": "456", "fat": "18.7", "saturedFat": "9.3", "carbohydrate": "68.1", "sugar": "37.0", "fibre": "0.7", "protein": "3.6", "salt": "0.53"}
0271	{"energy": "421", "fat": "19", "saturedFat": "8.7", "carbohydrate": "48", "sugar": "7.3", "fibre": "8.8", "protein": "11", "salt": "0.41"}
0272	{"energy": "371", "fat": "3.2", "saturedFat": "0.5", "carbohydrate": "69", "sugar": "14", "fibre": "8.9", "protein": "12", "salt": "0.67"}
0273	{"energy": "523", "fat": "28", "saturedFat": "15", "carbohydrate": "60", "sugar": "39", "fibre": "2.3", "protein": "6.7", "salt": "0.27"}
0274	{"energy": "359", "fat": "0.8", "saturedFat": "0.5", "carbohydrate": "79", "sugar": "0.5", "fibre": "1", "protein": "8.5", "salt": "0.02"}
0275	{"energy": "449", "fat": "24", "saturedFat": "10", "carbohydrate": "51", "sugar": "36", "fibre": "2.7", "protein": "6", "salt": "0.35"}
0276	{"energy": "335", "fat": "21", "saturedFat": "15", "carbohydrate": "0", "sugar": "0", "fibre": "0", "protein": "19", "salt": "1.2"}
0277	{"energy": "352", "fat": "24", "saturedFat": "14", "carbohydrate": "1", "sugar": "0", "fibre": "-1", "protein": "33", "salt": "1.6"}
0278	{"energy": "356", "fat": "3.2", "saturedFat": "0.6", "carbohydrate": "70", "sugar": "1", "fibre": "4.5", "protein": "9.6", "salt": "0.01"}
0279	{"energy": "413", "fat": "21", "saturedFat": "10", "carbohydrate": "51", "sugar": "37", "fibre": "0.8", "protein": "5.2", "salt": "0.35"}
0280	{"energy": "183", "fat": "19", "saturedFat": "16", "carbohydrate": "1.3", "sugar": "1.3", "fibre": "-1", "protein": "1.6", "salt": "0.08"}
0281	{"energy": "56", "fat": "11", "saturedFat": "3.5", "carbohydrate": "4.2", "sugar": "0.5", "fibre": "-1", "protein": "10", "salt": "1.4"}
0282	{"energy": "443", "fat": "27", "saturedFat": "13", "carbohydrate": "42", "sugar": "27", "fibre": "3.1", "protein": "6.4", "salt": "0.44"}
0283	{"energy": "202", "fat": "0.3", "saturedFat": "0", "carbohydrate": "48", "sugar": "48", "fibre": "2.8", "protein": "0.5", "salt": "0.04"}
0284	{"energy": "381", "fat": "10", "saturedFat": "6", "carbohydrate": "69", "sugar": "52", "fibre": "2", "protein": "3", "salt": "0.15"}
0285	{"energy": "251", "fat": "10.2", "saturedFat": "3.9", "carbohydrate": "28.5", "sugar": "3.7", "fibre": "1.9", "protein": "10.4", "salt": "1.1"}
0286	{"energy": "535", "fat": "38", "saturedFat": "22", "carbohydrate": "43", "sugar": "39", "fibre": "10.9", "protein": "5.2", "salt": "0.02"}
0287	{"energy": "388", "fat": "1.9", "saturedFat": "1.7", "carbohydrate": "92", "sugar": "69", "fibre": "0", "protein": "0", "salt": "0.1"}
0288	{"energy": "40", "fat": "0", "saturedFat": "0", "carbohydrate": "9.3", "sugar": "9.3", "fibre": "0", "protein": "0.7", "salt": "0"}
0289	{"energy": "272", "fat": "4.6", "saturedFat": "0.3", "carbohydrate": "44", "sugar": "5.4", "fibre": "8.6", "protein": "8.6", "salt": "0.9"}
0290	{"energy": "60", "fat": "0", "saturedFat": "0", "carbohydrate": "14", "sugar": "14", "fibre": "0.6", "protein": "0.6", "salt": "0"}
0291	{"energy": "15", "fat": "1.1", "saturedFat": "0.1", "carbohydrate": "0", "sugar": "0", "fibre": "0.3", "protein": "0.5", "salt": "0.15"}
0292	{"energy": "627", "fat": "48.3", "saturedFat": "29.5", "carbohydrate": "38.6", "sugar": "33.6", "fibre": "0", "protein": "7.4", "salt": "0.267"}
0293	{"energy": "58", "fat": "2.7", "saturedFat": "1.7", "carbohydrate": "5.2", "sugar": "5.2", "fibre": "0", "protein": "3.4", "salt": "0.1"}
0294	{"energy": "320", "fat": "28", "saturedFat": "18", "carbohydrate": "0.5", "sugar": "0.1", "fibre": "-1", "protein": "18", "salt": "1.2"}
0295	{"energy": "290", "fat": "25", "saturedFat": "2.6", "carbohydrate": "11", "sugar": "9.5", "fibre": "3.3", "protein": "3.6", "salt": "3.2"}
0296	{"energy": "132", "fat": "8.0", "saturedFat": "5.5", "carbohydrate": "5.0", "sugar": "5.0", "fibre": "0", "protein": "10", "salt": "1"}
0297	{"energy": "129", "fat": "2.4", "saturedFat": "0.5", "carbohydrate": "20", "sugar": "0.6", "fibre": "3", "protein": "5", "salt": "0.15"}
0298	{"energy": "336", "fat": "0", "saturedFat": "0", "carbohydrate": "79", "sugar": "51", "fibre": "0", "protein": "4.5", "salt": "0.2"}
0299	{"energy": "247", "fat": "2.3", "saturedFat": "0.4", "carbohydrate": "45", "sugar": "1", "fibre": "4.7", "protein": "9.2", "salt": "1.8"}
0300	{"energy": "281", "fat": "19", "saturedFat": "2.8", "carbohydrate": "26", "sugar": "17", "fibre": "1.2", "protein": "0.9", "salt": "4.1"}
0301	{"energy": "383", "fat": "15", "saturedFat": "7.7", "carbohydrate": "55", "sugar": "36", "fibre": "6.5", "protein": "4.3", "salt": "0.84"}
0302	{"energy": "468", "fat": "18", "saturedFat": "11", "carbohydrate": "66", "sugar": "32", "fibre": "5.6", "protein": "6.4", "salt": "0.78"}
0303	{"energy": "344", "fat": "21", "saturedFat": "13", "carbohydrate": "32", "sugar": "31", "fibre": "0", "protein": "3.5", "salt": "0.13"}
0304	{"energy": "48", "fat": "1.5", "saturedFat": "0.2", "carbohydrate": "7", "sugar": "3.4", "fibre": "0.8", "protein": "1.1", "salt": "0.1"}
0305	{"energy": "457", "fat": "18", "saturedFat": "15", "carbohydrate": "65", "sugar": "18", "fibre": "2.3", "protein": "7.7", "salt": "0.16"}
0306	{"energy": "340", "fat": "32", "saturedFat": "23", "carbohydrate": "11", "sugar": "11", "fibre": "0", "protein": "2.4", "salt": "0.09"}
0307	{"energy": "510", "fat": "26", "saturedFat": "14", "carbohydrate": "61", "sugar": "40", "fibre": "2.6", "protein": "6.7", "salt": "0.41"}
0308	{"energy": "208", "fat": "8", "saturedFat": "2", "carbohydrate": "29", "sugar": "6", "fibre": "2.5", "protein": "3.5", "salt": "1.5"}
0309	{"energy": "453", "fat": "24", "saturedFat": "2.3", "carbohydrate": "53", "sugar": "24", "fibre": "1.5", "protein": "5.6", "salt": "0.7"}
0310	{"energy": "419", "fat": "22", "saturedFat": "11", "carbohydrate": "47", "sugar": "12", "fibre": "2.4", "protein": "7.1", "salt": "0.88"}
0311	{"energy": "333", "fat": "0.5", "saturedFat": "0.1", "carbohydrate": "77", "sugar": "58", "fibre": "0", "protein": "4.9", "salt": "0.07"}
0312	{"energy": "463", "fat": "117.8", "saturedFat": "1.6", "carbohydrate": "65.3", "sugar": "1.9", "fibre": "0", "protein": "8.8", "salt": "2.03"}
0313	{"energy": "33", "fat": "0.1", "saturedFat": "0.1", "carbohydrate": "4.9", "sugar": "4.9", "fibre": "0", "protein": "3.2", "salt": "0.1"}
0314	{"energy": "119", "fat": "11.4", "saturedFat": "1.9", "carbohydrate": "1.3", "sugar": "0.5", "fibre": "3.6", "protein": "1", "salt": "4"}
0315	{"energy": "411", "fat": "9.8", "saturedFat": "1.6", "carbohydrate": "62", "sugar": "3.1", "fibre": "13", "protein": "13", "salt": "0.03"}
0316	{"energy": "45", "fat": "0.5", "saturedFat": "0.1", "carbohydrate": "9", "sugar": "2.9", "fibre": "1.8", "protein": "1", "salt": "3.3"}
0317	{"energy": "53", "fat": "0", "saturedFat": "0", "carbohydrate": "12.0", "sugar": "9.9", "fibre": "-1", "protein": "0.6", "salt": "1.7"}
0318	{"energy": "360", "fat": "13", "saturedFat": "4.6", "carbohydrate": "51", "sugar": "17", "fibre": "2.3", "protein": "8.5", "salt": "0.9"}
0319	{"energy": "135", "fat": "0.5", "saturedFat": "0.1", "carbohydrate": "26.9", "sugar": "0.5", "fibre": "2.2", "protein": "4.7", "salt": "0"}
0320	{"energy": "353", "fat": "29", "saturedFat": "0", "carbohydrate": "0", "sugar": "0", "fibre": "0", "protein": "23", "salt": "2.1"}
0321	{"energy": "490", "fat": "22", "saturedFat": "14", "carbohydrate": "66", "sugar": "41", "fibre": "1.6", "protein": "6.1", "salt": "0.64"}
0322	{"energy": "369", "fat": "2.2", "saturedFat": "0.5", "carbohydrate": "79", "sugar": "14", "fibre": "2.8", "protein": "6.8", "salt": "0"}
0323	{"energy": "569", "fat": "37.2", "saturedFat": "21.4", "carbohydrate": "49.7", "sugar": "47.1", "fibre": "-1", "protein": "7.3", "salt": "0.29"}
0324	{"energy": "246", "fat": "24", "saturedFat": "17", "carbohydrate": "2.5", "sugar": "2.5", "fibre": "0", "protein": "5", "salt": "1.2"}
0325	{"energy": "487", "fat": "24", "saturedFat": "8.7", "carbohydrate": "57", "sugar": "28", "fibre": "2.8", "protein": "9.3", "salt": "0.62"}
0326	{"energy": "456", "fat": "20", "saturedFat": "12", "carbohydrate": "58", "sugar": "55", "fibre": "0.7", "protein": "3.9", "salt": "0.11"}
0327	{"energy": "242", "fat": "24", "saturedFat": "5.2", "carbohydrate": "4.2", "sugar": "0.8", "fibre": "0.5", "protein": "1.2", "salt": "1.2"}
0328	{"energy": "417", "fat": "11", "saturedFat": "1.3", "carbohydrate": "68", "sugar": "1.7", "fibre": "3.1", "protein": "10", "salt": "2"}
0329	{"energy": "50", "fat": "0.5", "saturedFat": "0.1", "carbohydrate": "5", "sugar": "5", "fibre": "0", "protein": "7.3", "salt": "0.11"}
0330	{"energy": "422", "fat": "9.2", "saturedFat": "1", "carbohydrate": "62", "sugar": "2.7", "fibre": "7", "protein": "19", "salt": "1.9"}
0331	{"energy": "353", "fat": "1", "saturedFat": "0.2", "carbohydrate": "78", "sugar": "0.5", "fibre": "1.5", "protein": "7.2", "salt": "0.01"}
0332	{"energy": "68", "fat": "3.9", "saturedFat": "2.3", "carbohydrate": "4.9", "sugar": "4.9", "fibre": "0", "protein": "3.2", "salt": "0.1"}
0333	{"energy": "530", "fat": "36", "saturedFat": "3.3", "carbohydrate": "40", "sugar": "27", "fibre": "11", "protein": "4.7", "salt": "1.4"}
0334	{"energy": "100", "fat": "0.6", "saturedFat": "0.5", "carbohydrate": "22", "sugar": "17", "fibre": "-1", "protein": "0.5", "salt": "0.03"}
0335	{"energy": "423", "fat": "13", "saturedFat": "1.5", "carbohydrate": "61", "sugar": "1.5", "fibre": "11", "protein": "10", "salt": "0.13"}
0336	{"energy": "374", "fat": "12", "saturedFat": "5.7", "carbohydrate": "53", "sugar": "1.2", "fibre": "9.2", "protein": "8.9", "salt": "2.5"}
0337	{"energy": "437", "fat": "23", "saturedFat": "4.2", "carbohydrate": "50", "sugar": "31", "fibre": "3.2", "protein": "5.8", "salt": "1.3"}
0338	{"energy": "105", "fat": "8.5", "saturedFat": "5.7", "carbohydrate": "3.9", "sugar": "3.9", "fibre": "-1", "protein": "3", "salt": "0.9"}
0339	{"energy": "309", "fat": "4", "saturedFat": "-1", "carbohydrate": "26", "sugar": "-1", "fibre": "-1", "protein": "32", "salt": "0.1"}
0340	{"energy": "99", "fat": "4.5", "saturedFat": "2.6", "carbohydrate": "3.7", "sugar": "3.7", "fibre": "0", "protein": "11", "salt": "0.9"}
0341	{"energy": "396", "fat": "32", "saturedFat": "0", "carbohydrate": "0", "sugar": "0", "fibre": "0", "protein": "27", "salt": "1.5"}
0342	{"energy": "128", "fat": "3.5", "saturedFat": "0.7", "carbohydrate": "0", "sugar": "0", "fibre": "0", "protein": "24", "salt": "2"}
0343	{"energy": "409", "fat": "4.2", "saturedFat": "3.3", "carbohydrate": "85", "sugar": "29", "fibre": "1.8", "protein": "7", "salt": "0.21"}
0344	{"energy": "233", "fat": "3.4", "saturedFat": "0.4", "carbohydrate": "43", "sugar": "3.3", "fibre": "8.1", "protein": "3.5", "salt": "0.99"}
0345	{"energy": "566", "fat": "35", "saturedFat": "22.6", "carbohydrate": "53.5", "sugar": "53.3", "fibre": "0", "protein": "8.7", "salt": "0.313"}
0346	{"energy": "44", "fat": "0", "saturedFat": "0", "carbohydrate": "11", "sugar": "11", "fibre": "0", "protein": "0", "salt": "0"}
0347	{"energy": "9", "fat": "0", "saturedFat": "0", "carbohydrate": "2.6", "sugar": "2.4", "fibre": "-1", "protein": "0", "salt": "0"}
0348	{"energy": "289", "fat": "22", "saturedFat": "20", "carbohydrate": "21", "sugar": "0.6", "fibre": "0", "protein": "1.4", "salt": "2.4"}
0349	{"energy": "626", "fat": "52", "saturedFat": "5.6", "carbohydrate": "3.2", "sugar": "1.8", "fibre": "9", "protein": "32", "salt": "10"}
0350	{"energy": "55", "fat": "0", "saturedFat": "0", "carbohydrate": "13", "sugar": "12", "fibre": "0.7", "protein": "0.5", "salt": "0"}
0351	{"energy": "67", "fat": "2", "saturedFat": "0.9", "carbohydrate": "0.1", "sugar": "0.1", "fibre": "-1", "protein": "12", "salt": "1.8"}
0352	{"energy": "375", "fat": "18", "saturedFat": "3.3", "carbohydrate": "50", "sugar": "26", "fibre": "2.1", "protein": "5.8", "salt": "1.4"}
0353	{"energy": "433", "fat": "12", "saturedFat": "7", "carbohydrate": "72", "sugar": "33", "fibre": "2.5", "protein": "8", "salt": "0.43"}
0354	{"energy": "0", "fat": "0", "saturedFat": "0", "carbohydrate": "100", "sugar": "0", "fibre": "0", "protein": "0", "salt": "0"}
0355	{"energy": "380", "fat": "4.6", "saturedFat": "2.9", "carbohydrate": "81", "sugar": "67", "fibre": "0", "protein": "3.6", "salt": "0.2"}
0356	{"energy": "379", "fat": "4.7", "saturedFat": "0.8", "carbohydrate": "72", "sugar": "1.4", "fibre": "4.7", "protein": "9.9", "salt": "0.01"}
0357	{"energy": "398", "fat": "10", "saturedFat": "1.3", "carbohydrate": "62", "sugar": "14", "fibre": "13", "protein": "8.6", "salt": "0.33"}
0358	{"energy": "363", "fat": "2.5", "saturedFat": "0.3", "carbohydrate": "68", "sugar": "6", "fibre": "12", "protein": "11", "salt": "1"}
0359	{"energy": "544", "fat": "33", "saturedFat": "20", "carbohydrate": "52.7", "sugar": "46.7", "fibre": "4.5", "protein": "6.7", "salt": "0.2"}
0360	{"energy": "296", "fat": "1.1", "saturedFat": "0.3", "carbohydrate": "65", "sugar": "36", "fibre": "6.7", "protein": "3.2", "salt": "0.56"}
0361	{"energy": "484", "fat": "28", "saturedFat": "12", "carbohydrate": "50", "sugar": "29", "fibre": "2.2", "protein": "6.8", "salt": "0.01"}
0362	{"energy": "79", "fat": "3.9", "saturedFat": "0.6", "carbohydrate": "7.4", "sugar": "7.0", "fibre": "0", "protein": "3.1", "salt": "0.14"}
0363	{"energy": "402", "fat": "6.8", "saturedFat": "0.7", "carbohydrate": "70", "sugar": "2.2", "fibre": "4.3", "protein": "13", "salt": "0.98"}
0364	{"energy": "358", "fat": "28", "saturedFat": "17", "carbohydrate": "0.5", "sugar": "0", "fibre": "-1", "protein": "26", "salt": "2"}
0365	{"energy": "475", "fat": "20", "saturedFat": "10", "carbohydrate": "62", "sugar": "31", "fibre": "4.5", "protein": "9.5", "salt": "0.56"}
0366	{"energy": "554", "fat": "32.5", "saturedFat": "19.5", "carbohydrate": "59.6", "sugar": "59.4", "fibre": "0", "protein": "5.3", "salt": "0.28"}
0367	{"energy": "44", "fat": "0.5", "saturedFat": "0.1", "carbohydrate": "9.8", "sugar": "9.0", "fibre": "0", "protein": "0.5", "salt": "0.01"}
0368	{"energy": "17", "fat": "0", "saturedFat": "0", "carbohydrate": "2.2", "sugar": "0", "fibre": "-1", "protein": "1.7", "salt": "29.6"}
0369	{"energy": "528", "fat": "29.8", "saturedFat": "14.9", "carbohydrate": "54", "sugar": "41.4", "fibre": "3", "protein": "9.2", "salt": "0.54"}
0370	{"energy": "542", "fat": "31.4", "saturedFat": "18.6", "carbohydrate": "54.9", "sugar": "51.0", "fibre": "1.8", "protein": "8.6", "salt": "0.72"}
0371	{"energy": "157", "fat": "0.5", "saturedFat": "0.1", "carbohydrate": "34", "sugar": "0.5", "fibre": "0.8", "protein": "3.3", "salt": "0.01"}
0372	{"energy": "385", "fat": "2.8", "saturedFat": "0.6", "carbohydrate": "75", "sugar": "2.6", "fibre": "4.4", "protein": "13", "salt": "0.68"}
0373	{"energy": "187", "fat": "5.6", "saturedFat": "31", "carbohydrate": "31", "sugar": "0", "fibre": "0", "protein": "1.9", "salt": "0.15"}
0374	{"energy": "549", "fat": "35", "saturedFat": "2.2", "carbohydrate": "50", "sugar": "0.5", "fibre": "4.2", "protein": "6.3", "salt": "1.2"}
0375	{"energy": "99", "fat": "0.6", "saturedFat": "0.2", "carbohydrate": "13", "sugar": "0.5", "fibre": "6.4", "protein": "7.3", "salt": "0.02"}
0376	{"energy": "394", "fat": "16", "saturedFat": "7", "carbohydrate": "53", "sugar": "31", "fibre": "3", "protein": "8", "salt": "1"}
0377	{"energy": "490", "fat": "27", "saturedFat": "11", "carbohydrate": "54", "sugar": "31", "fibre": "2.1", "protein": "6.6", "salt": "0.18"}
0378	{"energy": "427", "fat": "13", "saturedFat": "6.5", "carbohydrate": "68", "sugar": "4.9", "fibre": "-1", "protein": "9.6", "salt": "4.5"}
0379	{"energy": "381", "fat": "5", "saturedFat": "4", "carbohydrate": "80", "sugar": "71", "fibre": "0", "protein": "4", "salt": "0.13"}
0380	{"energy": "589", "fat": "42", "saturedFat": "14", "carbohydrate": "37", "sugar": "37", "fibre": "5.6", "protein": "13", "salt": "0.09"}
0381	{"energy": "65", "fat": "3.6", "saturedFat": "2.2", "carbohydrate": "4.9", "sugar": "4.9", "fibre": "-1", "protein": "3.2", "salt": "0.1"}
0382	{"energy": "43", "fat": "0.5", "saturedFat": "0", "carbohydrate": "8.8", "sugar": "8.8", "fibre": "0", "protein": "0.7", "salt": "0"}
0383	{"energy": "512", "fat": "33", "saturedFat": "13", "carbohydrate": "46", "sugar": "42", "fibre": "-1", "protein": "6.4", "salt": "0.03"}
0384	{"energy": "85.6", "fat": "1.3", "saturedFat": "0.5", "carbohydrate": "3.1", "sugar": "1.3", "fibre": "0.5", "protein": "15.6", "salt": "1.7"}
0385	{"energy": "408", "fat": "17", "saturedFat": "7.4", "carbohydrate": "51", "sugar": "1.2", "fibre": "8.7", "protein": "8.5", "salt": "2.4"}
0386	{"energy": "302", "fat": "0.5", "saturedFat": "0.1", "carbohydrate": "75", "sugar": "75", "fibre": "-1", "protein": "0.4", "salt": "0.02"}
0387	{"energy": "461", "fat": "28", "saturedFat": "12", "carbohydrate": "45", "sugar": "33", "fibre": "2.5", "protein": "6.1", "salt": "0.16"}
0388	{"energy": "512", "fat": "26", "saturedFat": "10", "carbohydrate": "59", "sugar": "20", "fibre": "2.8", "protein": "9", "salt": "0.27"}
0389	{"energy": "36", "fat": "3.3", "saturedFat": "0.3", "carbohydrate": "0.5", "sugar": "0.5", "fibre": "0.7", "protein": "1.1", "salt": "0.14"}
0390	{"energy": "309", "fat": "6.9", "saturedFat": "1.0", "carbohydrate": "52", "sugar": "1.7", "fibre": "2.0", "protein": "8.8", "salt": "1.1"}
0391	{"energy": "71", "fat": "4.2", "saturedFat": "2.2", "carbohydrate": "4.9", "sugar": "4.9", "fibre": "0", "protein": "3.3", "salt": "0.1"}
0392	{"energy": "64", "fat": "3.5", "saturedFat": "2.1", "carbohydrate": "4.9", "sugar": "4.9", "fibre": "0", "protein": "3.2", "salt": "0.1"}
0393	{"energy": "116", "fat": "1.5", "saturedFat": "1", "carbohydrate": "24", "sugar": "19", "fibre": "0.5", "protein": "1.5", "salt": "0.23"}
0394	{"energy": "547", "fat": "33", "saturedFat": "20", "carbohydrate": "52", "sugar": "46", "fibre": "9", "protein": "6", "salt": "0"}
0395	{"energy": "421", "fat": "19", "saturedFat": "7.5", "carbohydrate": "55", "sugar": "29", "fibre": "2.9", "protein": "6.1", "salt": "0.06"}
0396	{"energy": "822", "fat": "91", "saturedFat": "13", "carbohydrate": "0", "sugar": "0", "fibre": "-1", "protein": "0", "salt": "0"}
0397	{"energy": "394", "fat": "0.5", "saturedFat": "0.5", "carbohydrate": "94", "sugar": "89", "fibre": "0.5", "protein": "4.5", "salt": "0.21"}
0398	{"energy": "182", "fat": "1.2", "saturedFat": "0.1", "carbohydrate": "34", "sugar": "2.5", "fibre": "9", "protein": "4.2", "salt": "0.93"}
0399	{"energy": "472", "fat": "21", "saturedFat": "12", "carbohydrate": "56", "sugar": "4.7", "fibre": "3.6", "protein": "13", "salt": "2.2"}
0400	{"energy": "345", "fat": "1.2", "saturedFat": "0.3", "carbohydrate": "74", "sugar": "0.7", "fibre": "1.8", "protein": "8.6", "salt": "2.0"}
0401	{"energy": "59", "fat": "2.1", "saturedFat": "-1", "carbohydrate": "7.6", "sugar": "-1", "fibre": "-1", "protein": "1", "salt": "1.1"}
0402	{"energy": "542", "fat": "30", "saturedFat": "10", "carbohydrate": "58", "sugar": "21", "fibre": "2.2", "protein": "8.9", "salt": "0.14"}
0403	{"energy": "340", "fat": "10.2", "saturedFat": "1.0", "carbohydrate": "53.8", "sugar": "4.3", "fibre": "0", "protein": "7.5", "salt": "1.8"}
0404	{"energy": "398", "fat": "0.5", "saturedFat": "0", "carbohydrate": "94", "sugar": "94", "fibre": "0", "protein": "5.4", "salt": "0.21"}
0405	{"energy": "352", "fat": "12", "saturedFat": "3.9", "carbohydrate": "50", "sugar": "23", "fibre": "8", "protein": "5.9", "salt": "1"}
0406	{"energy": "176", "fat": "11", "saturedFat": "0.8", "carbohydrate": "3.8", "sugar": "2.1", "fibre": "4.4", "protein": "9.3", "salt": "4.4"}
0407	{"energy": "506", "fat": "35.3", "saturedFat": "20.7", "carbohydrate": "25.7", "sugar": "2", "fibre": "8.2", "protein": "23.4", "salt": "0.41"}
0408	{"energy": "368", "fat": "0", "saturedFat": "0", "carbohydrate": "92", "sugar": "92", "fibre": "0", "protein": "0", "salt": "0"}
0409	{"energy": "418", "fat": "36", "saturedFat": "26", "carbohydrate": "0", "sugar": "0", "fibre": "1", "protein": "23", "salt": "2"}
0410	{"energy": "398", "fat": "0.5", "saturedFat": "0.1", "carbohydrate": "94", "sugar": "94", "fibre": "0.5", "protein": "5.5", "salt": "0.23"}
0411	{"energy": "28", "fat": "0.5", "saturedFat": "0.2", "carbohydrate": "5.3", "sugar": "1", "fibre": "0.2", "protein": "0.4", "salt": "0.7"}
0412	{"energy": "536", "fat": "34", "saturedFat": "21", "carbohydrate": "49", "sugar": "43", "fibre": "7.8", "protein": "4.6", "salt": "0.02"}
0413	{"energy": "509", "fat": "26", "saturedFat": "5", "carbohydrate": "58.8", "sugar": "23", "fibre": "4", "protein": "8", "salt": "0.6"}
0414	{"energy": "395", "fat": "33", "saturedFat": "14", "carbohydrate": "1.5", "sugar": "0.6", "fibre": "0", "protein": "23", "salt": "4"}
0415	{"energy": "528", "fat": "33", "saturedFat": "2.0", "carbohydrate": "48", "sugar": "1.3", "fibre": "5.3", "protein": "6.1", "salt": "2.0"}
0416	{"energy": "344", "fat": "0", "saturedFat": "0", "carbohydrate": "83", "sugar": "68", "fibre": "0", "protein": "0.2", "salt": "0.4"}
0417	{"energy": "542", "fat": "32", "saturedFat": "19", "carbohydrate": "54", "sugar": "50", "fibre": "0", "protein": "5.1", "salt": "0.02"}
0418	{"energy": "545", "fat": "32.5", "saturedFat": "17.1", "carbohydrate": "55.4", "sugar": "53.2", "fibre": "5.2", "protein": "5.1", "salt": "0"}
0419	{"energy": "63", "fat": "0.5", "saturedFat": "0", "carbohydrate": "9.7", "sugar": "3", "fibre": "4.2", "protein": "2.9", "salt": "1.1"}
0420	{"energy": "199", "fat": "4.9", "saturedFat": "22", "carbohydrate": "25.5", "sugar": "0.3", "fibre": "15", "protein": "9.8", "salt": "0.5"}
0421	{"energy": "495", "fat": "24", "saturedFat": "10", "carbohydrate": "60", "sugar": "24", "fibre": "4.9", "protein": "7.4", "salt": "0.35"}
0422	{"energy": "613", "fat": "14", "saturedFat": "3.8", "carbohydrate": "2", "sugar": "1.4", "fibre": "5", "protein": "1.9", "salt": "1.5"}
0423	{"energy": "279", "fat": "23", "saturedFat": "16", "carbohydrate": "0.5", "sugar": "0.5", "fibre": "-1", "protein": "18", "salt": "1.7"}
0424	{"energy": "280", "fat": "15", "saturedFat": "2.1", "carbohydrate": "22", "sugar": "1.1", "fibre": "4.3", "protein": "12", "salt": "1.3"}
0425	{"energy": "619", "fat": "51", "saturedFat": "7.8", "carbohydrate": "11", "sugar": "5.2", "fibre": "8.2", "protein": "24", "salt": "1.0"}
0426	{"energy": "353", "fat": "11", "saturedFat": "5.9", "carbohydrate": "54", "sugar": "38", "fibre": "2.5", "protein": "8.3", "salt": "0.03"}
0427	{"energy": "342", "fat": "2.2", "saturedFat": "0.5", "carbohydrate": "57", "sugar": "1.1", "fibre": "5.2", "protein": "21", "salt": "0.01"}
0428	{"energy": "742", "fat": "82", "saturedFat": "49.2", "carbohydrate": "0.5", "sugar": "0.5", "fibre": "-1", "protein": "0.5", "salt": "0.1"}
0429	{"energy": "384", "fat": "1.5", "saturedFat": "0.1", "carbohydrate": "85", "sugar": "22", "fibre": "4.6", "protein": "5.2", "salt": "0.4"}
0430	{"energy": "60", "fat": "0.3", "saturedFat": "0", "carbohydrate": "14", "sugar": "13", "fibre": "0.1", "protein": "0.2", "salt": "0.02"}
0431	{"energy": "274", "fat": "1.5", "saturedFat": "0.5", "carbohydrate": "28", "sugar": "10", "fibre": "36", "protein": "19", "salt": "0.05"}
0432	{"energy": "370", "fat": "13", "saturedFat": "8.3", "carbohydrate": "53", "sugar": "25", "fibre": "2.7", "protein": "7.2", "salt": "0.44"}
0433	{"energy": "458", "fat": "19", "saturedFat": "8.6", "carbohydrate": "63", "sugar": "45", "fibre": "3.8", "protein": "7.4", "salt": "0.37"}
0434	{"energy": "559", "fat": "36", "saturedFat": "20", "carbohydrate": "50", "sugar": "48", "fibre": "0", "protein": "6.9", "salt": "0.22"}
0435	{"energy": "59", "fat": "1.5", "saturedFat": "0", "carbohydrate": "10", "sugar": "4", "fibre": "0.5", "protein": "1", "salt": "0.1"}
0436	{"energy": "238", "fat": "0", "saturedFat": "0", "carbohydrate": "55", "sugar": "55", "fibre": "-1", "protein": "0.8", "salt": "0.05"}
0437	{"energy": "365", "fat": "19.56", "saturedFat": "4.12", "carbohydrate": "42.28", "sugar": "27.88", "fibre": "2.78", "protein": "4.89", "salt": "0.36"}
0438	{"energy": "162", "fat": "15", "saturedFat": "9.2", "carbohydrate": "4", "sugar": "4", "fibre": "0", "protein": "2.8", "salt": "0.23"}
0439	{"energy": "349", "fat": "2.2", "saturedFat": "0.6", "carbohydrate": "77", "sugar": "58", "fibre": "2.2", "protein": "3.9", "salt": "0.1"}
0440	{"energy": "471", "fat": "20", "saturedFat": "5", "carbohydrate": "61", "sugar": "23", "fibre": "6.5", "protein": "8.4", "salt": "0.1"}
0441	{"energy": "478", "fat": "22", "saturedFat": "2.1", "carbohydrate": "59", "sugar": "2.3", "fibre": "6.1", "protein": "8.1", "salt": "1.3"}
0442	{"energy": "5", "fat": "0.5", "saturedFat": "0.3", "carbohydrate": "0.5", "sugar": "0.5", "fibre": "0.5", "protein": "0.5", "salt": "0.88"}
0443	{"energy": "256", "fat": "24", "saturedFat": "16", "carbohydrate": "3.5", "sugar": "3.5", "fibre": "0.0", "protein": "6.5", "salt": "0.8"}
0444	{"energy": "409", "fat": "21.7", "saturedFat": "10.4", "carbohydrate": "47.5", "sugar": "31.3", "fibre": "4.6", "protein": "6.2", "salt": "0.44"}
0445	{"energy": "446", "fat": "18", "saturedFat": "4", "carbohydrate": "54", "sugar": "13", "fibre": "14", "protein": "10", "salt": "0.2"}
0446	{"energy": "44", "fat": "0", "saturedFat": "0", "carbohydrate": "11", "sugar": "11", "fibre": "0", "protein": "0", "salt": "0"}
0447	{"energy": "23", "fat": "0.5", "saturedFat": "0", "carbohydrate": "2.6", "sugar": "0.7", "fibre": "2.8", "protein": "1.5", "salt": "0.75"}
0448	{"energy": "61", "fat": "0", "saturedFat": "0", "carbohydrate": "14", "sugar": "12", "fibre": "1", "protein": "0", "salt": "0"}
0449	{"energy": "456", "fat": "20", "saturedFat": "12", "carbohydrate": "58", "sugar": "55", "fibre": "0.7", "protein": "3.9", "salt": "0.11"}
0450	{"energy": "145", "fat": "7", "saturedFat": "1.1", "carbohydrate": "14", "sugar": "0.7", "fibre": "-1", "protein": "6", "salt": "1"}
0451	{"energy": "513", "fat": "30.6", "saturedFat": "14.3", "carbohydrate": "51.4", "sugar": "46.7", "fibre": "0", "protein": "7.8", "salt": "0.05"}
0452	{"energy": "448", "fat": "16", "saturedFat": "2.7", "carbohydrate": "67", "sugar": "37", "fibre": "3.1", "protein": "7.5", "salt": "0.19"}
0453	{"energy": "403", "fat": "9.5", "saturedFat": "1.2", "carbohydrate": "63", "sugar": "2", "fibre": "6.5", "protein": "13", "salt": "1.2"}
0454	{"energy": "239", "fat": "0", "saturedFat": "0", "carbohydrate": "97", "sugar": "0", "fibre": "0", "protein": "0", "salt": "0"}
0455	{"energy": "256", "fat": "9.2", "saturedFat": "2.9", "carbohydrate": "39", "sugar": "8.2", "fibre": "-1", "protein": "3.8", "salt": "5.8"}
0456	{"energy": "356", "fat": "1.5", "saturedFat": "0.3", "carbohydrate": "72", "sugar": "2.8", "fibre": "4.2", "protein": "12", "salt": "0.01"}
0457	{"energy": "482", "fat": "46", "saturedFat": "5.4", "carbohydrate": "9.8", "sugar": "5.5", "fibre": "5", "protein": "4.7", "salt": "3.25"}
0458	{"energy": "478", "fat": "28", "saturedFat": "7.4", "carbohydrate": "49", "sugar": "34", "fibre": "1.4", "protein": "6.7", "salt": "0.73"}
0459	{"energy": "305", "fat": "16", "saturedFat": "1.2", "carbohydrate": "25", "sugar": "0.5", "fibre": "6.6", "protein": "12", "salt": "1.0"}
0460	{"energy": "508", "fat": "26", "saturedFat": "16", "carbohydrate": "61", "sugar": "30", "fibre": "1.8", "protein": "6.5", "salt": "0.09"}
0461	{"energy": "226", "fat": "14.6", "saturedFat": "2.5", "carbohydrate": "0", "sugar": "0", "fibre": "0", "protein": "24", "salt": "1.24"}
0462	{"energy": "53", "fat": "1.6", "saturedFat": "0.9", "carbohydrate": "4.8", "sugar": "4.8", "fibre": "0", "protein": "4.9", "salt": "0.1"}
0463	{"energy": "28", "fat": "0", "saturedFat": "0", "carbohydrate": "7", "sugar": "7", "fibre": "0", "protein": "0", "salt": "0"}
0464	{"energy": "333", "fat": "32", "saturedFat": "22", "carbohydrate": "2.2", "sugar": "2.2", "fibre": "0", "protein": "9", "salt": "1"}
0465	{"energy": "563", "fat": "40", "saturedFat": "19", "carbohydrate": "38", "sugar": "32", "fibre": "8.3", "protein": "8.7", "salt": "0.34"}
0466	{"energy": "163", "fat": "10", "saturedFat": "0.7", "carbohydrate": "4.2", "sugar": "2.1", "fibre": "4.4", "protein": "9.5", "salt": "5.5"}
0467	{"energy": "492", "fat": "23", "saturedFat": "14", "carbohydrate": "61", "sugar": "34", "fibre": "3.1", "protein": "8.8", "salt": "0.51"}
0468	{"energy": "388", "fat": "3.6", "saturedFat": "0.4", "carbohydrate": "76", "sugar": "8.1", "fibre": "4.5", "protein": "11", "salt": "1.5"}
0469	{"energy": "43", "fat": "1", "saturedFat": "0.1", "carbohydrate": "6.2", "sugar": "1.5", "fibre": "0.8", "protein": "1.8", "salt": "0.89"}
0470	{"energy": "64", "fat": "2.5", "saturedFat": "2.2", "carbohydrate": "4.9", "sugar": "4.9", "fibre": "0", "protein": "3.2", "salt": "0.13"}
0471	{"energy": "482", "fat": "20.3", "saturedFat": "9.9", "carbohydrate": "66.2", "sugar": "30.6", "fibre": "3.8", "protein": "6.4", "salt": "0.42"}
0472	{"energy": "301", "fat": "0", "saturedFat": "0", "carbohydrate": "75", "sugar": "59", "fibre": "0", "protein": "0", "salt": "0"}
0473	{"energy": "496", "fat": "24", "saturedFat": "12", "carbohydrate": "62", "sugar": "34", "fibre": "4", "protein": "6", "salt": "0.41"}
0474	{"energy": "89", "fat": "2.4", "saturedFat": "0.5", "carbohydrate": "12", "sugar": "4.9", "fibre": "3.8", "protein": "2.9", "salt": "0.43"}
0475	{"energy": "413", "fat": "9.4", "saturedFat": "3.9", "carbohydrate": "68", "sugar": "2.5", "fibre": "4.9", "protein": "12", "salt": "2.7"}
0476	{"energy": "371", "fat": "1", "saturedFat": "0.2", "carbohydrate": "80", "sugar": "4", "fibre": "5", "protein": "8", "salt": "1.9"}
0477	{"energy": "61", "fat": "0", "saturedFat": "0", "carbohydrate": "14", "sugar": "12", "fibre": "1", "protein": "0.5", "salt": "0"}
0478	{"energy": "422", "fat": "34", "saturedFat": "22", "carbohydrate": "21", "sugar": "1.2", "fibre": "1.6", "protein": "8.1", "salt": "1.2"}
0479	{"energy": "424", "fat": "8.4", "saturedFat": "5.7", "carbohydrate": "86.9", "sugar": "71.6", "fibre": "0", "protein": "0.3", "salt": "1.0"}
0480	{"energy": "463", "fat": "17", "saturedFat": "5", "carbohydrate": "68", "sugar": "32", "fibre": "3", "protein": "8", "salt": "0.3"}
0481	{"energy": "355", "fat": "0.8", "saturedFat": "0.5", "carbohydrate": "52", "sugar": "52", "fibre": "0", "protein": "35", "salt": "1"}
0482	{"energy": "45", "fat": "1", "saturedFat": "0", "carbohydrate": "9", "sugar": "2", "fibre": "0", "protein": "0", "salt": "0.1"}
0483	{"energy": "380", "fat": "3.5", "saturedFat": "0.5", "carbohydrate": "76", "sugar": "3", "fibre": "3.1", "protein": "9.5", "salt": "0.58"}
0484	{"energy": "354", "fat": "1.6", "saturedFat": "0.3", "carbohydrate": "72", "sugar": "2.3", "fibre": "3.7", "protein": "11", "salt": "0"}
0485	{"energy": "398", "fat": "8", "saturedFat": "1", "carbohydrate": "73", "sugar": "2", "fibre": "7", "protein": "5", "salt": "1.1"}
0486	{"energy": "223", "fat": "7.1", "saturedFat": "2.3", "carbohydrate": "28", "sugar": "1.4", "fibre": "1.3", "protein": "11", "salt": "1.4"}
0487	{"energy": "424", "fat": "9", "saturedFat": "0.8", "carbohydrate": "72", "sugar": "16", "fibre": "3.5", "protein": "12", "salt": "1.2"}
0488	{"energy": "172", "fat": "16", "saturedFat": "9.3", "carbohydrate": "4.1", "sugar": "4.1", "fibre": "0", "protein": "3", "salt": "0.1"}
0489	{"energy": "320", "fat": "0", "saturedFat": "0", "carbohydrate": "80", "sugar": "80", "fibre": "0", "protein": "0", "salt": "0"}
0490	{"energy": "359", "fat": "2", "saturedFat": "0.5", "carbohydrate": "71", "sugar": "3.5", "fibre": "3", "protein": "13", "salt": "0.01"}
0491	{"energy": "462", "fat": "18", "saturedFat": "2.5", "carbohydrate": "60", "sugar": "13", "fibre": "8", "protein": "11", "salt": "0.05"}
0492	{"energy": "55", "fat": "1.9", "saturedFat": "0.4", "carbohydrate": "5.2", "sugar": "0.6", "fibre": "5.2", "protein": "1.9", "salt": "2.11"}
0493	{"energy": "450", "fat": "17", "saturedFat": "8.4", "carbohydrate": "70", "sugar": "62", "fibre": "-1", "protein": "4", "salt": "0.42"}
0494	{"energy": "507", "fat": "24", "saturedFat": "11", "carbohydrate": "65.1", "sugar": "39.9", "fibre": "1.6", "protein": "6.8", "salt": "0.6"}
0495	{"energy": "57", "fat": "2.6", "saturedFat": "1.6", "carbohydrate": "5.1", "sugar": "5.1", "fibre": "0", "protein": "3.4", "salt": "0.1"}
0496	{"energy": "335", "fat": "0", "saturedFat": "0", "carbohydrate": "77", "sugar": "51", "fibre": "0", "protein": "4.4", "salt": "0.2"}
0497	{"energy": "435", "fat": "22", "saturedFat": "10", "carbohydrate": "50", "sugar": "38", "fibre": "2.2", "protein": "8.1", "salt": "0.56"}
0498	{"energy": "209", "fat": "12.7", "saturedFat": "3.28", "carbohydrate": "0", "sugar": "0", "fibre": "0", "protein": "23.5", "salt": "1.24"}
0499	{"energy": "95", "fat": "4", "saturedFat": "2.3", "carbohydrate": "3.7", "sugar": "3.7", "fibre": "0.1", "protein": "10.9", "salt": "0.9"}
0500	{"energy": "204", "fat": "18", "saturedFat": "12", "carbohydrate": "4.0", "sugar": "2.8", "fibre": "0", "protein": "6.5", "salt": "1.2"}
0501	{"energy": "352", "fat": "11", "saturedFat": "3", "carbohydrate": "55", "sugar": "25", "fibre": "5.3", "protein": "5.9", "salt": "1"}
0502	{"energy": "385", "fat": "3.5", "saturedFat": "0.7", "carbohydrate": "72", "sugar": "1.2", "fibre": "5.6", "protein": "13", "salt": "0.5"}
0503	{"energy": "163", "fat": "3.1", "saturedFat": "1.5", "carbohydrate": "25", "sugar": "4.1", "fibre": "2.3", "protein": "7.5", "salt": "1.1"}
0504	{"energy": "46", "fat": "0", "saturedFat": "0", "carbohydrate": "11", "sugar": "11", "fibre": "0", "protein": "0", "salt": "0.1"}
0505	{"energy": "475", "fat": "22", "saturedFat": "14", "carbohydrate": "58", "sugar": "43", "fibre": "4.7", "protein": "8.8", "salt": "0.29"}
0506	{"energy": "506", "fat": "23", "saturedFat": "15", "carbohydrate": "67", "sugar": "32", "fibre": "1.9", "protein": "6.7", "salt": "0.82"}
0507	{"energy": "846", "fat": "94", "saturedFat": "12", "carbohydrate": "0", "sugar": "0", "fibre": "-1", "protein": "0", "salt": "0.27"}
0508	{"energy": "564", "fat": "36", "saturedFat": "22", "carbohydrate": "52", "sugar": "50", "fibre": "-1", "protein": "7.1", "salt": "0.31"}
0509	{"energy": "138", "fat": "0", "saturedFat": "0", "carbohydrate": "33", "sugar": "33", "fibre": "1.6", "protein": "0.6", "salt": "0"}
0510	{"energy": "441", "fat": "24", "saturedFat": "3.4", "carbohydrate": "48", "sugar": "24", "fibre": "5.9", "protein": "5.3", "salt": "0.5"}
0511	{"energy": "375", "fat": "0.6", "saturedFat": "0.1", "carbohydrate": "87", "sugar": "37", "fibre": "2", "protein": "4.5", "salt": "0.83"}
0512	{"energy": "192", "fat": "0", "saturedFat": "0", "carbohydrate": "3", "sugar": "0", "fibre": "88", "protein": "1", "salt": "0"}
0513	{"energy": "466", "fat": "19.7", "saturedFat": "2.1", "carbohydrate": "60.4", "sugar": "19.2", "fibre": "7.5", "protein": "8.0", "salt": "0.875"}
0514	{"energy": "134", "fat": "5.5", "saturedFat": "-1", "carbohydrate": "16", "sugar": "-1", "fibre": "-1", "protein": "3.9", "salt": "0.09"}
0515	{"energy": "362", "fat": "4.1", "saturedFat": "0.5", "carbohydrate": "65", "sugar": "2.5", "fibre": "7.6", "protein": "14", "salt": "0.1"}
0516	{"energy": "344", "fat": "21", "saturedFat": "13", "carbohydrate": "32", "sugar": "21", "fibre": "-1", "protein": "3.5", "salt": "0.13"}
0517	{"energy": "415", "fat": "14", "saturedFat": "6.4", "carbohydrate": "59", "sugar": "31", "fibre": "13", "protein": "6.5", "salt": "0.31"}
0518	{"energy": "281", "fat": "5.5", "saturedFat": "0.6", "carbohydrate": "47", "sugar": "9.1", "fibre": "5.6", "protein": "8.1", "salt": "1.0"}
0519	{"energy": "44", "fat": "0", "saturedFat": "0", "carbohydrate": "11", "sugar": "11", "fibre": "0", "protein": "0", "salt": "0"}
0520	{"energy": "252", "fat": "3.7", "saturedFat": "0.4", "carbohydrate": "45", "sugar": "2.7", "fibre": "2.6", "protein": "8.4", "salt": "1.1"}
0521	{"energy": "62", "fat": "0.5", "saturedFat": "0.1", "carbohydrate": "15", "sugar": "13", "fibre": "1", "protein": "0.5", "salt": "0.02"}
0522	{"energy": "594", "fat": "42", "saturedFat": "22", "carbohydrate": "46", "sugar": "45", "fibre": "3.6", "protein": "6.3", "salt": "0.09"}
0523	{"energy": "83", "fat": "0", "saturedFat": "0", "carbohydrate": "19", "sugar": "18", "fibre": "1.7", "protein": "0.9", "salt": "0"}
0524	{"energy": "131", "fat": "6", "saturedFat": "0.9", "carbohydrate": "9.3", "sugar": "0", "fibre": "-1", "protein": "9.8", "salt": "1.9"}
0525	{"energy": "355", "fat": "0.5", "saturedFat": "0.1", "carbohydrate": "86", "sugar": "0.5", "fibre": "1", "protein": "0.5", "salt": "0.01"}
0526	{"energy": "450", "fat": "25", "saturedFat": "22", "carbohydrate": "49", "sugar": "23", "fibre": "6.4", "protein": "5.6", "salt": "0.26"}
0527	{"energy": "375", "fat": "4.9", "saturedFat": "2.3", "carbohydrate": "80", "sugar": "33", "fibre": "1.7", "protein": "5", "salt": "0.34"}
0528	{"energy": "357", "fat": "29", "saturedFat": "17", "carbohydrate": "0", "sugar": "0", "fibre": "0", "protein": "24", "salt": "1.5"}
0529	{"energy": "380", "fat": "3.5", "saturedFat": "0.5", "carbohydrate": "76", "sugar": "3", "fibre": "3.1", "protein": "9.5", "salt": "0.58"}
0530	{"energy": "623", "fat": "47", "saturedFat": "35", "carbohydrate": "44", "sugar": "43", "fibre": "-1", "protein": "4.7", "salt": "0.18"}
0531	{"energy": "361", "fat": "9.1", "saturedFat": "0.7", "carbohydrate": "62", "sugar": "55", "fibre": "2.7", "protein": "6.5", "salt": "0.5"}
0532	{"energy": "203", "fat": "20", "saturedFat": "2.9", "carbohydrate": "1.6", "sugar": "0.5", "fibre": "4.1", "protein": "2.2", "salt": "2.9"}
0533	{"energy": "40", "fat": "0", "saturedFat": "0", "carbohydrate": "9.3", "sugar": "9.3", "fibre": "0", "protein": "0.7", "salt": "0"}
0534	{"energy": "495", "fat": "32.6", "saturedFat": "19.2", "carbohydrate": "27", "sugar": "0.6", "fibre": "7.2", "protein": "25.4", "salt": "0.98"}
0535	{"energy": "16", "fat": "0", "saturedFat": "-1", "carbohydrate": "2.5", "sugar": "-1", "fibre": "-1", "protein": "0.9", "salt": "0.6"}
0536	{"energy": "353", "fat": "2.4", "saturedFat": "0.9", "carbohydrate": "78", "sugar": "59", "fibre": "1.7", "protein": "3.8", "salt": "0.11"}
0537	{"energy": "559", "fat": "34", "saturedFat": "20", "carbohydrate": "56", "sugar": "55", "fibre": "1.2", "protein": "6.6", "salt": "0.19"}
0538	{"energy": "259", "fat": "4.1", "saturedFat": "0.4", "carbohydrate": "46.2", "sugar": "8.6", "fibre": "3.7", "protein": "7.4", "salt": "1"}
0539	{"energy": "289", "fat": "7", "saturedFat": "0.7", "carbohydrate": "48", "sugar": "23", "fibre": "7.9", "protein": "5.3", "salt": "0.57"}
0540	{"energy": "510", "fat": "29.3", "saturedFat": "15.2", "carbohydrate": "52.4", "sugar": "49.0", "fibre": "4.1", "protein": "5.5", "salt": "0.17"}
0541	{"energy": "14", "fat": "0.5", "saturedFat": "0.1", "carbohydrate": "3.5", "sugar": "2.2", "fibre": "-1", "protein": "0.5", "salt": "0.07"}
0542	{"energy": "515", "fat": "34", "saturedFat": "16", "carbohydrate": "46", "sugar": "43", "fibre": "7.8", "protein": "6.9", "salt": "0.02"}
0543	{"energy": "115", "fat": "4.5", "saturedFat": "2", "carbohydrate": "16", "sugar": "1.7", "fibre": "1.4", "protein": "2", "salt": "0.5"}
0544	{"energy": "230", "fat": "7.6", "saturedFat": "4.3", "carbohydrate": "28", "sugar": "3.6", "fibre": "2.7", "protein": "11", "salt": "1.3"}
0545	{"energy": "379", "fat": "0", "saturedFat": "0", "carbohydrate": "94", "sugar": "70", "fibre": "1.4", "protein": "0", "salt": "0"}
0546	{"energy": "313", "fat": "6", "saturedFat": "0.9", "carbohydrate": "55", "sugar": "1.8", "fibre": "3.9", "protein": "7.7", "salt": "1"}
0547	{"energy": "206", "fat": "3.5", "saturedFat": "1.5", "carbohydrate": "0", "sugar": "0", "fibre": "0", "protein": "43", "salt": "5"}
0548	{"energy": "329", "fat": "29", "saturedFat": "3.4", "carbohydrate": "12", "sugar": "7.8", "fibre": "2.3", "protein": "3.8", "salt": "2.8"}
0549	{"energy": "687", "fat": "61", "saturedFat": "9.0", "carbohydrate": "8.0", "sugar": "0.5", "fibre": "13", "protein": "20", "salt": "0.08"}
0550	{"energy": "389", "fat": "19", "saturedFat": "9.8", "carbohydrate": "50", "sugar": "30", "fibre": "0", "protein": "4.5", "salt": "1.1"}
0551	{"energy": "632", "fat": "49", "saturedFat": "36", "carbohydrate": "41", "sugar": "40", "fibre": "-1", "protein": "4.9", "salt": "0.15"}
0552	{"energy": "141", "fat": "15", "saturedFat": "3", "carbohydrate": "0.5", "sugar": "0", "fibre": "-1", "protein": "1", "salt": "3.8"}
0553	{"energy": "290", "fat": "30", "saturedFat": "21", "carbohydrate": "3", "sugar": "3", "fibre": "-1", "protein": "2", "salt": "0.08"}
0554	{"energy": "341", "fat": "0", "saturedFat": "0", "carbohydrate": "81", "sugar": "50", "fibre": "-1", "protein": "2.8", "salt": "0.41"}
0555	{"energy": "545", "fat": "39", "saturedFat": "29", "carbohydrate": "39", "sugar": "36", "fibre": "9.4", "protein": "4.7", "salt": "0.08"}
0556	{"energy": "102", "fat": "0.1", "saturedFat": "0.1", "carbohydrate": "23.2", "sugar": "22.2", "fibre": "-1", "protein": "1.2", "salt": "1.8"}
0557	{"energy": "563", "fat": "37", "saturedFat": "26", "carbohydrate": "55", "sugar": "34", "fibre": "-1", "protein": "5.9", "salt": "0.14"}
0558	{"energy": "247", "fat": "20.5", "saturedFat": "15.2", "carbohydrate": "7", "sugar": "0.2", "fibre": "2.6", "protein": "7.3", "salt": "1.3"}
0559	{"energy": "57", "fat": "0.8", "saturedFat": "0.5", "carbohydrate": "8.8", "sugar": "8.6", "fibre": "0.5", "protein": "3.7", "salt": "0.1"}
0560	{"energy": "361", "fat": "1.8", "saturedFat": "0.3", "carbohydrate": "72", "sugar": "3.4", "fibre": "3.7", "protein": "13", "salt": "0"}
0561	{"energy": "248", "fat": "0.5", "saturedFat": "0.1", "carbohydrate": "60", "sugar": "58", "fibre": "3", "protein": "0.5", "salt": "0.02"}
0562	{"energy": "516", "fat": "26", "saturedFat": "14", "carbohydrate": "60", "sugar": "46", "fibre": "2.8", "protein": "9.1", "salt": "0.36"}
0563	{"energy": "402", "fat": "17", "saturedFat": "8", "carbohydrate": "57", "sugar": "39", "fibre": "-1", "protein": "4.2", "salt": "0.35"}
0564	{"energy": "490", "fat": "28", "saturedFat": "-1", "carbohydrate": "52", "sugar": "-1", "fibre": "-1", "protein": "6.5", "salt": "0.07"}
0565	{"energy": "258", "fat": "2.6", "saturedFat": "0.6", "carbohydrate": "47", "sugar": "2.3", "fibre": "-1", "protein": "9", "salt": "1.3"}
0566	{"energy": "537", "fat": "32", "saturedFat": "20", "carbohydrate": "50", "sugar": "47", "fibre": "8.8", "protein": "6.3", "salt": "0.02"}
0567	{"energy": "354", "fat": "11", "saturedFat": "3", "carbohydrate": "56", "sugar": "53", "fibre": "8", "protein": "4.6", "salt": "0.07"}
0568	{"energy": "372", "fat": "9.4", "saturedFat": "5.3", "carbohydrate": "67", "sugar": "46", "fibre": "3", "protein": "3.4", "salt": "0.24"}
0569	{"energy": "59", "fat": "3.5", "saturedFat": "0.4", "carbohydrate": "5.7", "sugar": "0", "fibre": "1", "protein": "0.7", "salt": "0.12"}
0570	{"energy": "2", "fat": "0", "saturedFat": "0", "carbohydrate": "0", "sugar": "0", "fibre": "0", "protein": "0", "salt": "0"}
0571	{"energy": "35", "fat": "0.5", "saturedFat": "0.1", "carbohydrate": "7.8", "sugar": "7.8", "fibre": "0.7", "protein": "0.7", "salt": "0.01"}
0572	{"energy": "155", "fat": "6.2", "saturedFat": "1.1", "carbohydrate": "4.9", "sugar": "0.8", "fibre": "6.9", "protein": "16.4", "salt": "1.6"}
0573	{"energy": "269", "fat": "0.9", "saturedFat": "0.1", "carbohydrate": "55", "sugar": "1.1", "fibre": "1.7", "protein": "9.3", "salt": "1.2"}
0574	{"energy": "44", "fat": "1.9", "saturedFat": "1.2", "carbohydrate": "5.4", "sugar": "1.4", "fibre": "0.5", "protein": "0.9", "salt": "0.89"}
0575	{"energy": "17", "fat": "0.5", "saturedFat": "0.1", "carbohydrate": "4.2", "sugar": "4.1", "fibre": "-1", "protein": "0.5", "salt": "0.01"}
0576	{"energy": "683", "fat": "75", "saturedFat": "5.8", "carbohydrate": "1.3", "sugar": "1.3", "fibre": "0.5", "protein": "1.1", "salt": "1.4"}
0577	{"energy": "320", "fat": "0", "saturedFat": "-1", "carbohydrate": "80", "sugar": "-1", "fibre": "-1", "protein": "0", "salt": "0"}
0578	{"energy": "409", "fat": "21.7", "saturedFat": "10.4", "carbohydrate": "47.5", "sugar": "31.3", "fibre": "4.6", "protein": "6.2", "salt": "0.44"}
0579	{"energy": "484", "fat": "21", "saturedFat": "12", "carbohydrate": "65", "sugar": "31", "fibre": "2.5", "protein": "7.5", "salt": "0.1"}
0580	{"energy": "504", "fat": "23", "saturedFat": "12", "carbohydrate": "67", "sugar": "31", "fibre": "1.7", "protein": "6.3", "salt": "0.56"}
0581	{"energy": "409", "fat": "15.8", "saturedFat": "5.2", "carbohydrate": "57.3", "sugar": "34.7", "fibre": "5.6", "protein": "7.6", "salt": "0.28"}
0582	{"energy": "309", "fat": "7.7", "saturedFat": "1.0", "carbohydrate": "51", "sugar": "8.1", "fibre": "2.3", "protein": "7.8", "salt": "1.1"}
0583	{"energy": "348", "fat": "7.8", "saturedFat": "1.1", "carbohydrate": "15", "sugar": "4.7", "fibre": "16", "protein": "47", "salt": "0.03"}
0584	{"energy": "267", "fat": "14", "saturedFat": "5.5", "carbohydrate": "22", "sugar": "1.4", "fibre": "2.4", "protein": "12", "salt": "1"}
0585	{"energy": "412", "fat": "8.7", "saturedFat": "0.9", "carbohydrate": "64", "sugar": "13", "fibre": "9", "protein": "15", "salt": "1.1"}
0586	{"energy": "285", "fat": "8.4", "saturedFat": "3", "carbohydrate": "40.6", "sugar": "20", "fibre": "2.3", "protein": "8.9", "salt": "1.8"}
0587	{"energy": "499", "fat": "25", "saturedFat": "15", "carbohydrate": "60", "sugar": "26", "fibre": "5.1", "protein": "5.9", "salt": "0"}
0588	{"energy": "249", "fat": "0.9", "saturedFat": "0.4", "carbohydrate": "51", "sugar": "1.9", "fibre": "-1", "protein": "8", "salt": "1"}
0589	{"energy": "171", "fat": "6.9", "saturedFat": "0.5", "carbohydrate": "22", "sugar": "8.9", "fibre": "-1", "protein": "3.3", "salt": "0.83"}
0590	{"energy": "276", "fat": "11", "saturedFat": "4.5", "carbohydrate": "34", "sugar": "3.5", "fibre": "2.5", "protein": "9.2", "salt": "0.96"}
0591	{"energy": "70", "fat": "0.9", "saturedFat": "0.7", "carbohydrate": "13", "sugar": "0.9", "fibre": "1.4", "protein": "1.8", "salt": "0.65"}
0592	{"energy": "100", "fat": "4.8", "saturedFat": "1.4", "carbohydrate": "6.1", "sugar": "0.8", "fibre": "-1", "protein": "6.2", "salt": "0.84"}
0593	{"energy": "144", "fat": "3.4", "saturedFat": "2.8", "carbohydrate": "25", "sugar": "18", "fibre": "-1", "protein": "1.7", "salt": "0.08"}
0594	{"energy": "615", "fat": "52", "saturedFat": "6.8", "carbohydrate": "11", "sugar": "4.7", "fibre": "9", "protein": "21", "salt": "0.01"}
0595	{"energy": "420", "fat": "11", "saturedFat": "2.7", "carbohydrate": "67", "sugar": "25", "fibre": "6.7", "protein": "8.7", "salt": "0.69"}
0596	{"energy": "445", "fat": "16", "saturedFat": "7.7", "carbohydrate": "59", "sugar": "15", "fibre": "5.8", "protein": "14", "salt": "0.96"}
0597	{"energy": "342", "fat": "0.5", "saturedFat": "0.1", "carbohydrate": "80", "sugar": "64", "fibre": "-1", "protein": "4.0", "salt": "0.26"}
0598	{"energy": "370", "fat": "6.8", "saturedFat": "1.2", "carbohydrate": "60", "sugar": "2.3", "fibre": "8.5", "protein": "13", "salt": "0"}
0599	{"energy": "338", "fat": "32", "saturedFat": "3.5", "carbohydrate": "0.5", "sugar": "0.5", "fibre": "-1", "protein": "12", "salt": "2"}
0600	{"energy": "132", "fat": "3", "saturedFat": "0.8", "carbohydrate": "19", "sugar": "1.8", "fibre": "1.1", "protein": "3", "salt": "0.1"}
